Gene_set,Term,Overlap,P-value,Adjusted P-value,Old P-value,Old Adjusted P-value,Odds Ratio,Combined Score,Genes
KEGG_2021_Human,Citrate cycle (TCA cycle),5/30,0.00020278936359207085,0.0267681959941533,0,0,10.772527472527472,91.60249322534376,IDH3G;IDH3B;OGDHL;SDHA;IDH3A
GO_Biological_Process_2021,isocitrate metabolic process (GO:0006102),3/5,6.060315415699796e-05,0.0794507350998243,0,0,80.44672131147541,781.2312731429907,IDH3G;IDH3B;IDH3A
GO_Biological_Process_2021,synaptic vesicle exocytosis (GO:0016079),5/40,0.0008051643129503315,0.3968621619848427,0,0,7.690737833594976,54.792386258656535,SYT5;STX1B;STX4;DOC2B;CPLX1
GO_Biological_Process_2021,mitochondrion morphogenesis (GO:0070584),3/11,0.0009206974455805948,0.3968621619848427,0,0,20.105532786885245,140.54529582804244,SLIRP;DNM1L;MFF
GO_Biological_Process_2021,tricarboxylic acid metabolic process (GO:0072350),3/12,0.0012108685338973,0.3968621619848427,0,0,17.870673952641166,120.0269051324237,IDH3G;IDH3B;IDH3A
GO_Biological_Process_2021,cell part morphogenesis (GO:0032990),3/13,0.0015526983199232,0.407117499483888,0,0,16.082786885245902,104.01962194874756,SLIRP;MFF;DNM1L
GO_Biological_Process_2021,regulation of potassium ion transport (GO:0043266),4/31,0.0024193336224044,0.4582204361299434,0,0,7.956976154236428,47.934918146856944,DPP10;CD63;DPP6;FHL1
GO_Biological_Process_2021,activation of protein kinase C activity (GO:1990051),2/5,0.0032720108384601,0.4582204361299434,0,0,35.654859218891914,204.0296031815072,PHB;PHB2
GO_Biological_Process_2021,"mitochondrial electron transport, cytochrome c to oxygen (GO:0006123)",3/17,0.0034951978347058,0.4582204361299434,0,0,11.48536299765808,64.96540871593109,COX5B;COX6C;COX5A
GO_Biological_Process_2021,synaptic vesicle membrane organization (GO:0048499),3/17,0.0034951978347058,0.4582204361299434,0,0,11.48536299765808,64.96540871593109,STX1B;AP3D1;STX4
GO_Biological_Process_2021,regulation of mitophagy (GO:1901524),2/5,0.0032720108384601,0.4582204361299434,0,0,35.654859218891914,204.0296031815072,TSC2;VDAC1
GO_Biological_Process_2021,mitochondrial fission (GO:0000266),3/18,0.0041373981061667,0.4931026288349587,0,0,10.71912568306011,58.8232191553348,MFF;DNM1L;GDAP1
GO_Biological_Process_2021,mitochondrial fragmentation involved in apoptotic process (GO:0043653),2/9,0.0112171372247499,0.5167606585856327,0,0,15.277539898793306,68.60092930495641,DNM1L;MFF
GO_Biological_Process_2021,ketone body biosynthetic process (GO:0046951),2/9,0.0112171372247499,0.5167606585856327,0,0,15.277539898793306,68.60092930495641,ACSS3;BDH2
GO_Biological_Process_2021,iron-sulfur cluster assembly (GO:0016226),3/24,0.0094582686852382,0.5167606585856327,0,0,7.654176424668228,35.67509009631638,NFS1;GLRX5;ISCU
GO_Biological_Process_2021,short-chain fatty acid catabolic process (GO:0019626),2/8,0.0088314948222364,0.5167606585856327,0,0,17.82470481380563,84.3007113278211,PCCA;PCCB
GO_Biological_Process_2021,inositol phosphate metabolic process (GO:0043647),4/48,0.0117140643617257,0.5167606585856327,0,0,4.878455790784558,21.69432253082909,PLCH1;PLCD3;PLCD4;PLCD1
GO_Biological_Process_2021,biotin metabolic process (GO:0006768),2/9,0.0112171372247499,0.5167606585856327,0,0,15.277539898793306,68.60092930495641,PCCA;PCCB
GO_Biological_Process_2021,positive regulation of receptor-mediated endocytosis (GO:0048260),4/44,0.0086545678534292,0.5167606585856327,0,0,5.367397260273973,25.493355127850787,ATAD1;CD63;TF;PICK1
GO_Biological_Process_2021,positive regulation of receptor internalization (GO:0002092),3/23,0.0083890257459564,0.5167606585856327,0,0,8.037295081967214,38.424948568640254,ATAD1;CD63;PICK1
GO_Biological_Process_2021,metallo-sulfur cluster assembly (GO:0031163),3/22,0.0073945408399762,0.5167606585856327,0,0,8.46074201898188,41.516973406472985,NFS1;GLRX5;ISCU
GO_Biological_Process_2021,organelle fusion (GO:0048284),3/22,0.0073945408399762,0.5167606585856327,0,0,8.46074201898188,41.516973406472985,STX4;MFF;GDAP1
GO_Biological_Process_2021,RIG-I signaling pathway (GO:0039529),2/7,0.0067050230975276,0.5167606585856327,0,0,21.390735694822887,107.05845708767308,PHB;PHB2
GO_Biological_Process_2021,organelle fission (GO:0048285),3/26,0.0118251866953234,0.5167606585856327,0,0,6.987883107626515,31.00889590044581,MFF;DNM1L;GDAP1
GO_Biological_Process_2021,CD40 signaling pathway (GO:0023035),2/9,0.0112171372247499,0.5167606585856327,0,0,15.277539898793306,68.60092930495641,PHB;PHB2
GO_Biological_Process_2021,mitochondrial ATP synthesis coupled electron transport (GO:0042775),5/71,0.0100225294090531,0.5167606585856327,0,0,4.071969696969697,18.74294985827629,SDHA;COX5B;COX6C;COX5A;COA6
GO_Biological_Process_2021,endosome to melanosome transport (GO:0035646),2/9,0.0112171372247499,0.5167606585856327,0,0,15.277539898793306,68.60092930495641,CD63;AP3D1
GO_Biological_Process_2021,peroxisome fission (GO:0016559),2/9,0.0112171372247499,0.5167606585856327,0,0,15.277539898793306,68.60092930495641,DNM1L;MFF
GO_Biological_Process_2021,polyol metabolic process (GO:0019751),4/47,0.0108927081946796,0.5167606585856327,0,0,4.992163109270468,22.56288833810018,PLCH1;PLCD3;PLCD4;PLCD1
GO_Biological_Process_2021,short-chain fatty acid metabolic process (GO:0046459),2/9,0.0112171372247499,0.5167606585856327,0,0,15.277539898793306,68.60092930495641,PCCA;PCCB
GO_Biological_Process_2021,endosome to pigment granule transport (GO:0043485),2/9,0.0112171372247499,0.5167606585856327,0,0,15.277539898793306,68.60092930495641,CD63;AP3D1
GO_Biological_Process_2021,inositol lipid-mediated signaling (GO:0048017),4/51,0.0144128889446815,0.5591893287890588,0,0,4.566365491110464,19.35971111891041,PLCH1;PLCD3;PLCD4;PLCD1
GO_Biological_Process_2021,regulation of immunoglobulin production (GO:0002637),3/28,0.0145022404110053,0.5591893287890588,0,0,6.428196721311475,27.213463104385383,STX4;PHB;PHB2
GO_Biological_Process_2021,regulation of phospholipid metabolic process (GO:1903725),2/10,0.0138517159546727,0.5591893287890588,0,0,13.36716621253406,57.20273138002095,MTMR9;PHB2
GO_Biological_Process_2021,cytoplasmic pattern recognition receptor signaling pathway in response to virus (GO:0039528),2/10,0.0138517159546727,0.5591893287890588,0,0,13.36716621253406,57.20273138002095,PHB;PHB2
GO_Biological_Process_2021,transition metal ion homeostasis (GO:0055076),3/29,0.015958670570979,0.5880781725312714,0,0,6.180643127364439,25.573974567937302,TF;BDH2;HMOX2
GO_Biological_Process_2021,ketone body metabolic process (GO:1902224),2/11,0.016725284286301,0.5880781725312714,0,0,11.881320012110203,48.60450401405494,ACSS3;BDH2
GO_Biological_Process_2021,positive regulation of cellular extravasation (GO:0002693),2/11,0.016725284286301,0.5880781725312714,0,0,11.881320012110203,48.60450401405494,CD99;ICAM1
GO_Biological_Process_2021,regulation of cation transmembrane transport (GO:1904062),3/30,0.0174943163453238,0.5880781725312714,0,0,5.951426836672739,24.0787542337412,DPP10;CD63;DPP6
GO_Biological_Process_2021,regulation of potassium ion transmembrane transport (GO:1901379),4/54,0.0174755620488942,0.5880781725312714,0,0,4.29172602739726,17.3684084933639,DPP10;CD63;DPP6;FHL1
GO_Biological_Process_2021,synaptic vesicle fusion to presynaptic active zone membrane (GO:0031629),2/12,0.0198281760509926,0.6340180195817403,0,0,10.692643051771118,41.92212509473392,STX1B;STX4
GO_Biological_Process_2021,calcium ion-regulated exocytosis of neurotransmitter (GO:0048791),2/12,0.0198281760509926,0.6340180195817403,0,0,10.692643051771118,41.92212509473392,SYT5;DOC2B
KEGG_2021_Human,Pentose phosphate pathway,3/30,0.0174943163453238,0.6450540265334824,0,0,5.951426836672739,24.0787542337412,PGM2;ALDOA;PGM1
KEGG_2021_Human,Propanoate metabolism,3/34,0.0244338646414197,0.6450540265334824,0,0,5.182443151771549,19.23611586199622,ACSS3;PCCA;PCCB
KEGG_2021_Human,SNARE interactions in vesicular transport,3/33,0.0225792084478379,0.6450540265334824,0,0,5.355464480874317,20.30109725186764,STX1B;STX17;STX4
KEGG_2021_Human,Amino sugar and nucleotide sugar metabolism,4/48,0.0117140643617257,0.6450540265334824,0,0,4.878455790784558,21.69432253082909,GMPPB;NAGK;PGM2;PGM1
GO_Biological_Process_2021,endosome to lysosome transport via multivesicular body sorting pathway (GO:0032510),1/7,0.1222343370785103,0.7034417422741066,0,0,8.888134057971014,18.681215981665996,UBXN6
GO_Biological_Process_2021,regulation of potassium ion export across plasma membrane (GO:1903764),1/7,0.1222343370785103,0.7034417422741066,0,0,8.888134057971014,18.681215981665996,ANO6
GO_Biological_Process_2021,regulation of necrotic cell death (GO:0010939),1/7,0.1222343370785103,0.7034417422741066,0,0,8.888134057971014,18.681215981665996,HEBP2
GO_Biological_Process_2021,nucleotide-binding oligomerization domain containing 2 signaling pathway (GO:0070431),1/7,0.1222343370785103,0.7034417422741066,0,0,8.888134057971014,18.681215981665996,RIPK2
GO_Biological_Process_2021,regulation of miRNA mediated inhibition of translation (GO:1905616),1/7,0.1222343370785103,0.7034417422741066,0,0,8.888134057971014,18.681215981665996,DDX6
GO_Biological_Process_2021,cytochrome complex assembly (GO:0017004),1/7,0.1222343370785103,0.7034417422741066,0,0,8.888134057971014,18.681215981665996,COA6
GO_Biological_Process_2021,negative regulation of stress-activated protein kinase signaling cascade (GO:0070303),1/7,0.1222343370785103,0.7034417422741066,0,0,8.888134057971014,18.681215981665996,GSTP1
GO_Biological_Process_2021,regulation of glucocorticoid receptor signaling pathway (GO:2000322),1/7,0.1222343370785103,0.7034417422741066,0,0,8.888134057971014,18.681215981665996,PHB
GO_Biological_Process_2021,negative regulation of protein K63-linked ubiquitination (GO:1900045),1/7,0.1222343370785103,0.7034417422741066,0,0,8.888134057971014,18.681215981665996,OTUB1
GO_Biological_Process_2021,regulation of defense response to bacterium (GO:1900424),1/7,0.1222343370785103,0.7034417422741066,0,0,8.888134057971014,18.681215981665996,GRN
GO_Biological_Process_2021,negative regulation of nervous system process (GO:0031645),1/7,0.1222343370785103,0.7034417422741066,0,0,8.888134057971014,18.681215981665996,JAM2
GO_Biological_Process_2021,regulation of chromatin assembly or disassembly (GO:0001672),1/7,0.1222343370785103,0.7034417422741066,0,0,8.888134057971014,18.681215981665996,PADI2
GO_Biological_Process_2021,bleb assembly (GO:0032060),1/7,0.1222343370785103,0.7034417422741066,0,0,8.888134057971014,18.681215981665996,ANO6
GO_Biological_Process_2021,autophagosome membrane docking (GO:0016240),1/7,0.1222343370785103,0.7034417422741066,0,0,8.888134057971014,18.681215981665996,STX17
GO_Biological_Process_2021,negative regulation of DNA repair (GO:0045738),1/7,0.1222343370785103,0.7034417422741066,0,0,8.888134057971014,18.681215981665996,OTUB1
GO_Biological_Process_2021,ammonium transport (GO:0015696),1/7,0.1222343370785103,0.7034417422741066,0,0,8.888134057971014,18.681215981665996,AQP1
GO_Biological_Process_2021,synaptic vesicle docking (GO:0016081),1/7,0.1222343370785103,0.7034417422741066,0,0,8.888134057971014,18.681215981665996,STX1B
GO_Biological_Process_2021,membrane fission (GO:0090148),1/7,0.1222343370785103,0.7034417422741066,0,0,8.888134057971014,18.681215981665996,DNM1L
GO_Biological_Process_2021,positive regulation of vesicle fusion (GO:0031340),1/7,0.1222343370785103,0.7034417422741066,0,0,8.888134057971014,18.681215981665996,DOC2B
GO_Biological_Process_2021,protein localization to cytoplasmic stress granule (GO:1903608),1/7,0.1222343370785103,0.7034417422741066,0,0,8.888134057971014,18.681215981665996,DHX9
GO_Biological_Process_2021,negative regulation of acute inflammatory response (GO:0002674),1/7,0.1222343370785103,0.7034417422741066,0,0,8.888134057971014,18.681215981665996,GSTP1
GO_Biological_Process_2021,positive regulation of cell death (GO:0010942),3/66,0.1224691233737844,0.7034417422741066,0,0,2.545927660681759,5.346184163484019,HEBP2;RIPK2;PHB
GO_Biological_Process_2021,apoptotic mitochondrial changes (GO:0008637),2/33,0.1234839069969541,0.7034417422741066,0,0,3.44554803551024,7.206861388202258,MFF;DNM1L
GO_Biological_Process_2021,regulation of neurotransmitter secretion (GO:0046928),2/33,0.1234839069969541,0.7034417422741066,0,0,3.44554803551024,7.206861388202258,STX1B;CPLX1
GO_Biological_Process_2021,exonucleolytic catabolism of deadenylated mRNA (GO:0043928),2/33,0.1234839069969541,0.7034417422741066,0,0,3.44554803551024,7.206861388202258,DDX6;HBS1L
GO_Biological_Process_2021,negative regulation of cell cycle G1/S phase transition (GO:1902807),2/35,0.13593552583547,0.7034417422741066,0,0,3.23639666418958,6.458470915129417,GPNMB;FHL1
GO_Biological_Process_2021,cellular response to hydrogen peroxide (GO:0070301),2/35,0.13593552583547,0.7034417422741066,0,0,3.23639666418958,6.458470915129417,NET1;AQP1
GO_Biological_Process_2021,regulation of JUN kinase activity (GO:0043506),2/35,0.13593552583547,0.7034417422741066,0,0,3.23639666418958,6.458470915129417,PAK1;GSTP1
GO_Biological_Process_2021,"nuclear-transcribed mRNA catabolic process, exonucleolytic (GO:0000291)",2/35,0.13593552583547,0.7034417422741066,0,0,3.23639666418958,6.458470915129417,DDX6;HBS1L
GO_Biological_Process_2021,regulation of protein polymerization (GO:0032271),2/35,0.13593552583547,0.7034417422741066,0,0,3.23639666418958,6.458470915129417,COTL1;PAK3
GO_Biological_Process_2021,protein localization to presynapse (GO:1905383),1/8,0.1384347593491376,0.7034417422741066,0,0,7.618012422360248,15.063523454852836,HSPB1
GO_Biological_Process_2021,negative regulation of calcium ion import (GO:0090281),1/8,0.1384347593491376,0.7034417422741066,0,0,7.618012422360248,15.063523454852836,VDAC1
GO_Biological_Process_2021,long-term synaptic depression (GO:0060292),1/7,0.1222343370785103,0.7034417422741066,0,0,8.888134057971014,18.681215981665996,PICK1
GO_Biological_Process_2021,positive regulation of podosome assembly (GO:0071803),1/7,0.1222343370785103,0.7034417422741066,0,0,8.888134057971014,18.681215981665996,CAPG
GO_Biological_Process_2021,L-methionine salvage (GO:0071267),1/7,0.1222343370785103,0.7034417422741066,0,0,8.888134057971014,18.681215981665996,MTAP
GO_Biological_Process_2021,serine transport (GO:0032329),1/7,0.1222343370785103,0.7034417422741066,0,0,8.888134057971014,18.681215981665996,SFXN1
GO_Biological_Process_2021,positive regulation of miRNA mediated inhibition of translation (GO:1905618),1/7,0.1222343370785103,0.7034417422741066,0,0,8.888134057971014,18.681215981665996,DDX6
GO_Biological_Process_2021,positive regulation of microtubule nucleation (GO:0090063),1/7,0.1222343370785103,0.7034417422741066,0,0,8.888134057971014,18.681215981665996,PAK1
GO_Biological_Process_2021,hyperosmotic response (GO:0006972),1/7,0.1222343370785103,0.7034417422741066,0,0,8.888134057971014,18.681215981665996,AQP1
GO_Biological_Process_2021,positive regulation of intracellular estrogen receptor signaling pathway (GO:0033148),1/7,0.1222343370785103,0.7034417422741066,0,0,8.888134057971014,18.681215981665996,PAK1
GO_Biological_Process_2021,positive regulation of integrin-mediated signaling pathway (GO:2001046),1/7,0.1222343370785103,0.7034417422741066,0,0,8.888134057971014,18.681215981665996,CD63
GO_Biological_Process_2021,hexose catabolic process (GO:0019320),1/7,0.1222343370785103,0.7034417422741066,0,0,8.888134057971014,18.681215981665996,PGM2
GO_Biological_Process_2021,positive regulation of humoral immune response (GO:0002922),1/7,0.1222343370785103,0.7034417422741066,0,0,8.888134057971014,18.681215981665996,PHB
GO_Biological_Process_2021,glycerol transport (GO:0015793),1/7,0.1222343370785103,0.7034417422741066,0,0,8.888134057971014,18.681215981665996,AQP1
GO_Biological_Process_2021,positive regulation of cytoplasmic translation (GO:2000767),1/7,0.1222343370785103,0.7034417422741066,0,0,8.888134057971014,18.681215981665996,DHX9
GO_Biological_Process_2021,G-quadruplex DNA unwinding (GO:0044806),1/7,0.1222343370785103,0.7034417422741066,0,0,8.888134057971014,18.681215981665996,DHX9
GO_Biological_Process_2021,positive regulation by symbiont of host autophagy (GO:0075044),1/7,0.1222343370785103,0.7034417422741066,0,0,8.888134057971014,18.681215981665996,PHB2
GO_Biological_Process_2021,polyamine biosynthetic process (GO:0006596),1/7,0.1222343370785103,0.7034417422741066,0,0,8.888134057971014,18.681215981665996,SMS
GO_Biological_Process_2021,anterograde axonal protein transport (GO:0099641),1/8,0.1384347593491376,0.7034417422741066,0,0,7.618012422360248,15.063523454852836,HSPB1
GO_Biological_Process_2021,regulation of acetyl-CoA biosynthetic process from pyruvate (GO:0010510),1/8,0.1384347593491376,0.7034417422741066,0,0,7.618012422360248,15.063523454852836,PDK2
GO_Biological_Process_2021,regulation of acyl-CoA biosynthetic process (GO:0050812),1/8,0.1384347593491376,0.7034417422741066,0,0,7.618012422360248,15.063523454852836,PDK2
GO_Biological_Process_2021,aromatic compound catabolic process (GO:0019439),1/8,0.1384347593491376,0.7034417422741066,0,0,7.618012422360248,15.063523454852836,PON2
GO_Biological_Process_2021,axo-dendritic protein transport (GO:0099640),1/8,0.1384347593491376,0.7034417422741066,0,0,7.618012422360248,15.063523454852836,HSPB1
GO_Biological_Process_2021,negative regulation of microglial cell activation (GO:1903979),1/8,0.1384347593491376,0.7034417422741066,0,0,7.618012422360248,15.063523454852836,GRN
GO_Biological_Process_2021,negative regulation of mitochondrial fusion (GO:0010637),1/8,0.1384347593491376,0.7034417422741066,0,0,7.618012422360248,15.063523454852836,VAT1
GO_Biological_Process_2021,negative regulation of mitochondrial membrane potential (GO:0010917),1/8,0.1384347593491376,0.7034417422741066,0,0,7.618012422360248,15.063523454852836,HEBP2
GO_Biological_Process_2021,regulation of chemokine-mediated signaling pathway (GO:0070099),1/8,0.1384347593491376,0.7034417422741066,0,0,7.618012422360248,15.063523454852836,PADI2
GO_Biological_Process_2021,regulation of interleukin-18 production (GO:0032661),1/8,0.1384347593491376,0.7034417422741066,0,0,7.618012422360248,15.063523454852836,DHX9
GO_Biological_Process_2021,regulation of metaphase/anaphase transition of cell cycle (GO:1902099),1/8,0.1384347593491376,0.7034417422741066,0,0,7.618012422360248,15.063523454852836,HECW2
GO_Biological_Process_2021,dendritic spine maintenance (GO:0097062),1/8,0.1384347593491376,0.7034417422741066,0,0,7.618012422360248,15.063523454852836,PICK1
GO_Biological_Process_2021,dynamin family protein polymerization involved in membrane fission (GO:0003373),1/8,0.1384347593491376,0.7034417422741066,0,0,7.618012422360248,15.063523454852836,DNM1L
GO_Biological_Process_2021,dynamin family protein polymerization involved in mitochondrial fission (GO:0003374),1/8,0.1384347593491376,0.7034417422741066,0,0,7.618012422360248,15.063523454852836,DNM1L
GO_Biological_Process_2021,plasma membrane phospholipid scrambling (GO:0017121),1/8,0.1384347593491376,0.7034417422741066,0,0,7.618012422360248,15.063523454852836,ANO6
GO_Biological_Process_2021,regulation of proton transport (GO:0010155),1/8,0.1384347593491376,0.7034417422741066,0,0,7.618012422360248,15.063523454852836,PHB2
GO_Biological_Process_2021,positive regulation of lymphocyte migration (GO:2000403),2/14,0.0266846266031607,0.7034417422741066,0,0,8.909627611262488,32.28552945588935,DOCK8;JAM2
GO_Biological_Process_2021,regulation of nitric-oxide synthase biosynthetic process (GO:0051769),2/14,0.0266846266031607,0.7034417422741066,0,0,8.909627611262488,32.28552945588935,GSTP1;NAMPT
GO_Biological_Process_2021,antiviral innate immune response (GO:0140374),2/14,0.0266846266031607,0.7034417422741066,0,0,8.909627611262488,32.28552945588935,PHB;PHB2
GO_Biological_Process_2021,positive regulation of immunoglobulin production (GO:0002639),3/35,0.0263683143459868,0.7034417422741066,0,0,5.020235655737705,18.251529611393817,STX4;PHB;PHB2
GO_Biological_Process_2021,iron ion homeostasis (GO:0055072),4/61,0.0261058026170999,0.7034417422741066,0,0,3.7633261235279982,13.719572935601663,TF;BDH2;ISCU;HMOX2
GO_Biological_Process_2021,glycogen biosynthetic process (GO:0005978),2/13,0.0231509987089623,0.7034417422741066,0,0,9.720089175130049,36.60310853397108,PGM2;PGM1
GO_Biological_Process_2021,glucan biosynthetic process (GO:0009250),2/13,0.0231509987089623,0.7034417422741066,0,0,9.720089175130049,36.60310853397108,PGM2;PGM1
GO_Biological_Process_2021,regulation of autophagy of mitochondrion (GO:1903146),2/19,0.047213308387063,0.7034417422741066,0,0,6.28754608110274,19.19637784922356,VDAC1;DNM1L
GO_Biological_Process_2021,endoplasmic reticulum organization (GO:0007029),4/73,0.0459647059865991,0.7034417422741066,0,0,3.1069287274171136,9.56897211722517,REEP1;VAPB;LMAN2;DNM1L
GO_Biological_Process_2021,mitochondrion organization (GO:0007005),7/175,0.0440386536722427,0.7034417422741066,0,0,2.240216390423573,6.995495805161145,MTX1;PHB;SLIRP;DNM1L;MFF;PHB2;GDAP1
GO_Biological_Process_2021,mitochondrial fusion (GO:0008053),2/18,0.0427536524234901,0.7034417422741066,0,0,6.680858310626703,21.06007399810004,MFF;GDAP1
GO_Biological_Process_2021,release of cytochrome c from mitochondria (GO:0001836),2/18,0.0427536524234901,0.7034417422741066,0,0,6.680858310626703,21.06007399810004,MFF;DNM1L
GO_Biological_Process_2021,positive chemotaxis (GO:0050918),2/18,0.0427536524234901,0.7034417422741066,0,0,6.680858310626703,21.06007399810004,GPNMB;TSC2
GO_Biological_Process_2021,phosphatidylinositol-mediated signaling (GO:0048015),4/71,0.0422028420567611,0.7034417422741066,0,0,3.2,10.128856681252117,PLCH1;PLCD3;PLCD4;PLCD1
GO_Biological_Process_2021,fatty acid catabolic process (GO:0009062),4/70,0.0403898645816192,0.7034417422741066,0,0,3.2486508924865087,10.42549378309665,MECR;BDH2;PCCA;PCCB
GO_Biological_Process_2021,aerobic electron transport chain (GO:0019646),4/70,0.0403898645816192,0.7034417422741066,0,0,3.2486508924865087,10.42549378309665,SDHA;COX5B;COX6C;COX5A
GO_Biological_Process_2021,monoamine transport (GO:0015844),1/8,0.1384347593491376,0.7034417422741066,0,0,7.618012422360248,15.063523454852836,PICK1
GO_Biological_Process_2021,water homeostasis (GO:0030104),1/8,0.1384347593491376,0.7034417422741066,0,0,7.618012422360248,15.063523454852836,AQP1
GO_Biological_Process_2021,postsynapse organization (GO:0099173),1/8,0.1384347593491376,0.7034417422741066,0,0,7.618012422360248,15.063523454852836,PICK1
GO_Biological_Process_2021,mitophagy (GO:0000423),1/8,0.1384347593491376,0.7034417422741066,0,0,7.618012422360248,15.063523454852836,PHB2
GO_Biological_Process_2021,tubulin complex assembly (GO:0007021),1/8,0.1384347593491376,0.7034417422741066,0,0,7.618012422360248,15.063523454852836,TBCD
GO_Biological_Process_2021,methionine metabolic process (GO:0006555),1/8,0.1384347593491376,0.7034417422741066,0,0,7.618012422360248,15.063523454852836,SMS
GO_Biological_Process_2021,synaptic vesicle budding (GO:0070142),1/8,0.1384347593491376,0.7034417422741066,0,0,7.618012422360248,15.063523454852836,AP3D1
GO_Biological_Process_2021,leukocyte aggregation (GO:0070486),1/8,0.1384347593491376,0.7034417422741066,0,0,7.618012422360248,15.063523454852836,JAM2
GO_Biological_Process_2021,positive regulation of membrane invagination (GO:1905155),1/8,0.1384347593491376,0.7034417422741066,0,0,7.618012422360248,15.063523454852836,ANO6
GO_Biological_Process_2021,RNA secondary structure unwinding (GO:0010501),1/8,0.1384347593491376,0.7034417422741066,0,0,7.618012422360248,15.063523454852836,DHX9
GO_Biological_Process_2021,positive regulation of isomerase activity (GO:0010912),1/8,0.1384347593491376,0.7034417422741066,0,0,7.618012422360248,15.063523454852836,DHX9
GO_Biological_Process_2021,positive regulation of intracellular steroid hormone receptor signaling pathway (GO:0033145),1/8,0.1384347593491376,0.7034417422741066,0,0,7.618012422360248,15.063523454852836,PAK1
GO_Biological_Process_2021,positive regulation of defense response to bacterium (GO:1900426),1/8,0.1384347593491376,0.7034417422741066,0,0,7.618012422360248,15.063523454852836,GRN
GO_Biological_Process_2021,fructose metabolic process (GO:0006000),1/8,0.1384347593491376,0.7034417422741066,0,0,7.618012422360248,15.063523454852836,ALDOA
GO_Biological_Process_2021,positive regulation of cell migration by vascular endothelial growth factor signaling pathway (GO:0038089),1/8,0.1384347593491376,0.7034417422741066,0,0,7.618012422360248,15.063523454852836,HSPB1
GO_Biological_Process_2021,positive regulation of aspartic-type peptidase activity (GO:1905247),1/8,0.1384347593491376,0.7034417422741066,0,0,7.618012422360248,15.063523454852836,GRN
GO_Biological_Process_2021,RNA interference (GO:0016246),2/17,0.0384629506323367,0.7034417422741066,0,0,7.1266121707538606,23.21892878232492,DHX9;TSN
GO_Biological_Process_2021,positive regulation of production of molecular mediator of immune response (GO:0002702),3/38,0.0326483583461709,0.7034417422741066,0,0,4.589227166276347,15.704155028793428,STX4;PHB;PHB2
GO_Biological_Process_2021,anterograde axonal transport (GO:0008089),3/37,0.0304758492112818,0.7034417422741066,0,0,4.724445515911283,16.49219238329431,AP3M2;AP3D1;HSPB1
GO_Biological_Process_2021,synaptic vesicle transport along microtubule (GO:0099517),2/15,0.0304201943469206,0.7034417422741066,0,0,8.223852441836094,28.72302674541276,AP3M2;AP3D1
GO_Biological_Process_2021,anterograde synaptic vesicle transport (GO:0048490),2/15,0.0304201943469206,0.7034417422741066,0,0,8.223852441836094,28.72302674541276,AP3M2;AP3D1
GO_Biological_Process_2021,retina homeostasis (GO:0001895),3/36,0.028382392063596,0.7034417422741066,0,0,4.867858917039245,17.339246888943418,TF;PRDX1;HSPB1
GO_Biological_Process_2021,regulation of receptor internalization (GO:0002090),3/36,0.028382392063596,0.7034417422741066,0,0,4.867858917039245,17.339246888943418,ATAD1;CD63;PICK1
GO_Biological_Process_2021,respiratory chain complex IV assembly (GO:0008535),2/23,0.0665916379109913,0.7034417422741066,0,0,5.088880238743999,13.786673564394098,SCO1;COA6
GO_Biological_Process_2021,actin polymerization or depolymerization (GO:0008154),3/50,0.0646744388528225,0.7034417422741066,0,0,3.415416811998605,9.352740604932352,MSRB2;CAPG;GAS7
GO_Biological_Process_2021,neutrophil degranulation (GO:0043312),14/481,0.0635183882173892,0.7034417422741066,0,0,1.6183370027445183,4.460825926976547,VAT1;CD63;GRN;GSTP1;ANO6;PRDX6;HEBP2;PRDX4;COTL1;PADI2;PGM2;ALDOA;HMOX2;PGM1
GO_Biological_Process_2021,secondary alcohol metabolic process (GO:1902652),3/49,0.061602383514125,0.7034417422741066,0,0,3.48984319315752,9.72638392882279,IDH3G;IDH3B;IDH3A
GO_Biological_Process_2021,protein import into peroxisome membrane (GO:0045046),2/22,0.0615305351597608,0.7034417422741066,0,0,5.343596730245231,14.899132470067704,ATAD1;GDAP1
GO_Biological_Process_2021,positive regulation of peptidase activity (GO:0010952),2/22,0.0615305351597608,0.7034417422741066,0,0,5.343596730245231,14.899132470067704,GRN;PSME1
GO_Biological_Process_2021,positive regulation of neutrophil migration (GO:1902624),2/22,0.0615305351597608,0.7034417422741066,0,0,5.343596730245231,14.899132470067704,DNM1L;CD99
GO_Biological_Process_2021,positive regulation of endocytosis (GO:0045807),3/48,0.0586006518398053,0.7034417422741066,0,0,3.5675774134790528,10.121250867451115,TF;CD151;ANO6
GO_Biological_Process_2021,regulation of mitochondrion organization (GO:0010821),3/48,0.0586006518398053,0.7034417422741066,0,0,3.5675774134790528,10.121250867451115,VDAC1;MFF;DNM1L
GO_Biological_Process_2021,regulation of mitochondrial fission (GO:0090140),2/25,0.0771057881016966,0.7034417422741066,0,0,4.64589503613316,11.905463432179268,MFF;DNM1L
GO_Biological_Process_2021,peroxisome organization (GO:0007031),2/25,0.0771057881016966,0.7034417422741066,0,0,4.64589503613316,11.905463432179268,MFF;DNM1L
GO_Biological_Process_2021,positive regulation of release of cytochrome c from mitochondria (GO:0090200),2/25,0.0771057881016966,0.7034417422741066,0,0,4.64589503613316,11.905463432179268,MFF;DNM1L
GO_Biological_Process_2021,regulation of anatomical structure morphogenesis (GO:0022603),5/123,0.0777513260710678,0.7034417422741066,0,0,2.271489104116222,5.801927585366519,BRSK1;PAK1;GPNMB;HECW2;PAK3
GO_Biological_Process_2021,pyruvate metabolic process (GO:0006090),3/55,0.0810524443699205,0.7034417422741066,0,0,3.086223203026482,7.754626113492859,VDAC1;ALDOA;PGM1
GO_Biological_Process_2021,cellular response to oxidative stress (GO:0034599),5/125,0.0819995725596373,0.7034417422741066,0,0,2.2334020146520146,5.585830554012772,PRDX1;GSTP1;STX4;PRDX6;PDK2
GO_Biological_Process_2021,protein import (GO:0017038),4/89,0.0824647629452431,0.7034417422741066,0,0,2.5200322320709105,6.288448596995876,ATAD1;TSC2;PHB2;GDAP1
GO_Biological_Process_2021,cellular protein localization (GO:0034613),10/329,0.0851582160447233,0.7034417422741066,0,0,1.686328271670698,4.153838650596776,ARF3;REEP1;STX1B;CD63;STX17;CROCC;AP3D1;PICK1;STX4;ARF5
GO_Biological_Process_2021,calcium-ion regulated exocytosis (GO:0017156),2/27,0.0880995497274874,0.7034417422741066,0,0,4.273787465940054,10.382259994314197,SYT5;DOC2B
GO_Biological_Process_2021,nucleotide-sugar biosynthetic process (GO:0009226),2/19,0.047213308387063,0.7034417422741066,0,0,6.28754608110274,19.19637784922356,GMPPB;NAGK
GO_Biological_Process_2021,positive regulation of mitochondrial fission (GO:0090141),2/19,0.047213308387063,0.7034417422741066,0,0,6.28754608110274,19.19637784922356,MFF;DNM1L
GO_Biological_Process_2021,homotypic cell-cell adhesion (GO:0034109),3/44,0.0473162321204015,0.7034417422741066,0,0,3.916433426629348,11.948654059402402,HSPB1;ILK;CD99
GO_Biological_Process_2021,positive regulation of interferon-alpha production (GO:0032727),2/20,0.051834260608072,0.7034417422741066,0,0,5.937935210414774,17.574530277193894,DHX9;RIPK2
GO_Biological_Process_2021,regulation of fibroblast proliferation (GO:0048145),3/46,0.0528120936605718,0.7034417422741066,0,0,3.7338924895158216,10.981434073567312,DHX9;GSTP1;AQP1
GO_Biological_Process_2021,hydrogen peroxide catabolic process (GO:0042744),2/21,0.0566090748949321,0.7034417422741066,0,0,5.625125484009752,16.153031435079306,PRDX4;PRDX1
GO_Biological_Process_2021,mitochondrial calcium ion transmembrane transport (GO:0006851),2/21,0.0566090748949321,0.7034417422741066,0,0,5.625125484009752,16.153031435079306,PHB;PHB2
GO_Biological_Process_2021,cellular iron ion homeostasis (GO:0006879),3/58,0.0916526705205598,0.7034417422741066,0,0,2.917436661698957,6.971941831695474,TF;ISCU;HMOX2
GO_Biological_Process_2021,protein citrullination (GO:0018101),1/5,0.0889164662136615,0.7034417422741066,0,0,13.333559782608695,32.267987111868145,PADI2
GO_Biological_Process_2021,toll-like receptor 2 signaling pathway (GO:0034134),1/5,0.0889164662136615,0.7034417422741066,0,0,13.333559782608695,32.267987111868145,RIPK2
GO_Biological_Process_2021,positive regulation of RNA export from nucleus (GO:0046833),1/5,0.0889164662136615,0.7034417422741066,0,0,13.333559782608695,32.267987111868145,DHX9
GO_Biological_Process_2021,T cell extravasation (GO:0072683),1/5,0.0889164662136615,0.7034417422741066,0,0,13.333559782608695,32.267987111868145,CD99
GO_Biological_Process_2021,positive regulation of protein localization to cilium (GO:1903566),1/5,0.0889164662136615,0.7034417422741066,0,0,13.333559782608695,32.267987111868145,CROCC
GO_Biological_Process_2021,positive regulation of nucleobase-containing compound transport (GO:0032241),1/5,0.0889164662136615,0.7034417422741066,0,0,13.333559782608695,32.267987111868145,DHX9
GO_Biological_Process_2021,regulation of saliva secretion (GO:0046877),1/6,0.1057301326902172,0.7034417422741066,0,0,10.666304347826086,23.965749643656384,AQP1
GO_Biological_Process_2021,establishment of planar polarity (GO:0001736),1/6,0.1057301326902172,0.7034417422741066,0,0,10.666304347826086,23.965749643656384,BRSK1
GO_Biological_Process_2021,regulation of response to reactive oxygen species (GO:1901031),1/6,0.1057301326902172,0.7034417422741066,0,0,10.666304347826086,23.965749643656384,HEBP2
GO_Biological_Process_2021,regulation of protein localization to cilium (GO:1903564),1/6,0.1057301326902172,0.7034417422741066,0,0,10.666304347826086,23.965749643656384,CROCC
GO_Biological_Process_2021,endoplasmic reticulum localization (GO:0051643),1/6,0.1057301326902172,0.7034417422741066,0,0,10.666304347826086,23.965749643656384,VAPB
GO_Biological_Process_2021,regulation of neutrophil extravasation (GO:2000389),1/6,0.1057301326902172,0.7034417422741066,0,0,10.666304347826086,23.965749643656384,CD99
GO_Biological_Process_2021,contact inhibition (GO:0060242),1/6,0.1057301326902172,0.7034417422741066,0,0,10.666304347826086,23.965749643656384,PAK1
GO_Biological_Process_2021,cellular water homeostasis (GO:0009992),1/6,0.1057301326902172,0.7034417422741066,0,0,10.666304347826086,23.965749643656384,AQP1
GO_Biological_Process_2021,cellular response to iron ion (GO:0071281),1/6,0.1057301326902172,0.7034417422741066,0,0,10.666304347826086,23.965749643656384,TF
GO_Biological_Process_2021,regulation of interferon-alpha production (GO:0032647),2/25,0.0771057881016966,0.7034417422741066,0,0,4.64589503613316,11.905463432179268,DHX9;RIPK2
GO_Biological_Process_2021,positive regulation of NIK/NF-kappaB signaling (GO:1901224),3/53,0.0743020937254334,0.7034417422741066,0,0,3.21,8.344767836072238,ILK;PHB;PHB2
GO_Biological_Process_2021,"retrograde vesicle-mediated transport, Golgi to endoplasmic reticulum (GO:0006890)",4/85,0.0722955516447395,0.7034417422741066,0,0,2.645019448672417,6.948446724995063,ARF3;LMAN2;PICK1;ARF5
GO_Biological_Process_2021,negative regulation of synaptic transmission (GO:0050805),2/24,0.0717855869549109,0.7034417422741066,0,0,4.857319791924697,12.794527930808536,ATAD1;PICK1
GO_Biological_Process_2021,neutrophil mediated immunity (GO:0002446),14/488,0.0696915844844138,0.7034417422741066,0,0,1.593855113805194,4.245513148092464,VAT1;CD63;GRN;GSTP1;ANO6;PRDX6;HEBP2;PRDX4;COTL1;PADI2;PGM2;ALDOA;HMOX2;PGM1
GO_Biological_Process_2021,regulation of axonogenesis (GO:0050770),3/51,0.0678157889239632,0.7034417422741066,0,0,3.3440915300546448,8.998817333464022,BRSK1;PAK1;PAK3
GO_Biological_Process_2021,neutrophil activation involved in immune response (GO:0002283),14/485,0.0669991399188562,0.7034417422741066,0,0,1.6042582458658532,4.336431154787836,VAT1;CD63;GRN;GSTP1;ANO6;PRDX6;HEBP2;PRDX4;COTL1;PADI2;PGM2;ALDOA;HMOX2;PGM1
GO_Biological_Process_2021,regulation of neutrophil activation (GO:1902563),1/5,0.0889164662136615,0.7034417422741066,0,0,13.333559782608695,32.267987111868145,GRN
GO_Biological_Process_2021,CRD-mediated mRNA stabilization (GO:0070934),1/5,0.0889164662136615,0.7034417422741066,0,0,13.333559782608695,32.267987111868145,DHX9
GO_Biological_Process_2021,regulation of inflammatory response to wounding (GO:0106014),1/5,0.0889164662136615,0.7034417422741066,0,0,13.333559782608695,32.267987111868145,GRN
GO_Biological_Process_2021,cellular response to salt stress (GO:0071472),1/5,0.0889164662136615,0.7034417422741066,0,0,13.333559782608695,32.267987111868145,AQP1
GO_Biological_Process_2021,cellular response to nutrient (GO:0031670),1/5,0.0889164662136615,0.7034417422741066,0,0,13.333559782608695,32.267987111868145,PDK2
GO_Biological_Process_2021,regulation of DNA topoisomerase (ATP-hydrolyzing) activity (GO:2000371),1/5,0.0889164662136615,0.7034417422741066,0,0,13.333559782608695,32.267987111868145,DHX9
GO_Biological_Process_2021,negative regulation of pinocytosis (GO:0048550),1/5,0.0889164662136615,0.7034417422741066,0,0,13.333559782608695,32.267987111868145,STX1B
GO_Biological_Process_2021,regulation of cytochrome-c oxidase activity (GO:1904959),1/5,0.0889164662136615,0.7034417422741066,0,0,13.333559782608695,32.267987111868145,PHB2
GO_Biological_Process_2021,negative regulation of myelination (GO:0031642),1/5,0.0889164662136615,0.7034417422741066,0,0,13.333559782608695,32.267987111868145,JAM2
GO_Biological_Process_2021,regulation of cellular response to vascular endothelial growth factor stimulus (GO:1902547),1/5,0.0889164662136615,0.7034417422741066,0,0,13.333559782608695,32.267987111868145,CD63
GO_Biological_Process_2021,carbon dioxide transport (GO:0015670),1/5,0.0889164662136615,0.7034417422741066,0,0,13.333559782608695,32.267987111868145,AQP1
GO_Biological_Process_2021,receptor-mediated virion attachment to host cell (GO:0046813),1/5,0.0889164662136615,0.7034417422741066,0,0,13.333559782608695,32.267987111868145,ICAM1
GO_Biological_Process_2021,negative regulation of cell volume (GO:0045794),1/5,0.0889164662136615,0.7034417422741066,0,0,13.333559782608695,32.267987111868145,ANO6
GO_Biological_Process_2021,positive regulation of gene silencing by miRNA (GO:2000637),2/27,0.0880995497274874,0.7034417422741066,0,0,4.273787465940054,10.382259994314197,DDX6;DHX9
GO_Biological_Process_2021,peroxisomal membrane transport (GO:0015919),2/27,0.0880995497274874,0.7034417422741066,0,0,4.273787465940054,10.382259994314197,ATAD1;GDAP1
GO_Biological_Process_2021,dendritic spine organization (GO:0097061),2/27,0.0880995497274874,0.7034417422741066,0,0,4.273787465940054,10.382259994314197,PICK1;PAK3
GO_Biological_Process_2021,L-methionine salvage from methylthioadenosine (GO:0019509),1/5,0.0889164662136615,0.7034417422741066,0,0,13.333559782608695,32.267987111868145,MTAP
GO_Biological_Process_2021,positive regulation of neutrophil extravasation (GO:2000391),1/5,0.0889164662136615,0.7034417422741066,0,0,13.333559782608695,32.267987111868145,CD99
GO_Biological_Process_2021,positive regulation of neurotransmitter transport (GO:0051590),1/5,0.0889164662136615,0.7034417422741066,0,0,13.333559782608695,32.267987111868145,STX1B
GO_Biological_Process_2021,positive regulation of necrotic cell death (GO:0010940),1/5,0.0889164662136615,0.7034417422741066,0,0,13.333559782608695,32.267987111868145,HEBP2
GO_Biological_Process_2021,intracellular distribution of mitochondria (GO:0048312),1/5,0.0889164662136615,0.7034417422741066,0,0,13.333559782608695,32.267987111868145,DNM1L
GO_Biological_Process_2021,positive regulation of membrane permeability (GO:1905710),1/5,0.0889164662136615,0.7034417422741066,0,0,13.333559782608695,32.267987111868145,HEBP2
GO_Biological_Process_2021,response to salt stress (GO:0009651),1/5,0.0889164662136615,0.7034417422741066,0,0,13.333559782608695,32.267987111868145,AQP1
GO_Biological_Process_2021,positive regulation of interleukin-18 production (GO:0032741),1/5,0.0889164662136615,0.7034417422741066,0,0,13.333559782608695,32.267987111868145,DHX9
GO_Biological_Process_2021,histone citrullination (GO:0036414),1/5,0.0889164662136615,0.7034417422741066,0,0,13.333559782608695,32.267987111868145,PADI2
GO_Biological_Process_2021,hematopoietic stem cell migration (GO:0035701),1/5,0.0889164662136615,0.7034417422741066,0,0,13.333559782608695,32.267987111868145,JAM2
GO_Biological_Process_2021,positive regulation of endothelial cell chemotaxis by VEGF-activated vascular endothelial growth factor receptor signaling pathway (GO:0038033),1/5,0.0889164662136615,0.7034417422741066,0,0,13.333559782608695,32.267987111868145,HSPB1
GO_Biological_Process_2021,positive regulation of DNA topoisomerase (ATP-hydrolyzing) activity (GO:2000373),1/5,0.0889164662136615,0.7034417422741066,0,0,13.333559782608695,32.267987111868145,DHX9
GO_Biological_Process_2021,regulation of synaptic vesicle priming (GO:0010807),1/5,0.0889164662136615,0.7034417422741066,0,0,13.333559782608695,32.267987111868145,STX1B
GO_Biological_Process_2021,regulation of sequestering of zinc ion (GO:0061088),1/5,0.0889164662136615,0.7034417422741066,0,0,13.333559782608695,32.267987111868145,AP3D1
GO_Biological_Process_2021,regulation of respiratory burst involved in inflammatory response (GO:0060264),1/5,0.0889164662136615,0.7034417422741066,0,0,13.333559782608695,32.267987111868145,GRN
GO_Biological_Process_2021,regulation of phosphatidylinositol dephosphorylation (GO:0060304),1/5,0.0889164662136615,0.7034417422741066,0,0,13.333559782608695,32.267987111868145,MTMR9
GO_Biological_Process_2021,ion homeostasis (GO:0050801),2/30,0.1053832883912008,0.7034417422741066,0,0,3.815297781237836,8.584996917471212,FHL1;AP3D1
GO_Biological_Process_2021,hydrogen peroxide metabolic process (GO:0042743),2/29,0.0995240189520908,0.7034417422741066,0,0,3.956806943182965,9.12976329942553,PRDX4;PRDX1
GO_Biological_Process_2021,glycolytic process (GO:0006096),2/29,0.0995240189520908,0.7034417422741066,0,0,3.956806943182965,9.12976329942553,ALDOA;PGM1
GO_Biological_Process_2021,regulation of actin polymerization or depolymerization (GO:0008064),2/29,0.0995240189520908,0.7034417422741066,0,0,3.956806943182965,9.12976329942553,COTL1;PAK3
GO_Biological_Process_2021,protein targeting to peroxisome (GO:0006625),2/29,0.0995240189520908,0.7034417422741066,0,0,3.956806943182965,9.12976329942553,ATAD1;GDAP1
GO_Biological_Process_2021,actin filament polymerization (GO:0030041),2/29,0.0995240189520908,0.7034417422741066,0,0,3.956806943182965,9.12976329942553,MSRB2;GAS7
GO_Biological_Process_2021,positive regulation of fibroblast proliferation (GO:0048146),2/28,0.0937608866375592,0.7034417422741066,0,0,4.109201425277719,9.726510579245152,DHX9;AQP1
GO_Biological_Process_2021,glycogen metabolic process (GO:0005977),2/28,0.0937608866375592,0.7034417422741066,0,0,4.109201425277719,9.726510579245152,PGM2;PGM1
GO_Biological_Process_2021,regulation of plasma membrane bounded cell projection organization (GO:0120035),2/28,0.0937608866375592,0.7034417422741066,0,0,4.109201425277719,9.726510579245152,BRSK1;MARK1
GO_Biological_Process_2021,N-acetylneuraminate catabolic process (GO:0019262),1/6,0.1057301326902172,0.7034417422741066,0,0,10.666304347826086,23.965749643656384,NAGK
GO_Biological_Process_2021,molybdopterin cofactor biosynthetic process (GO:0032324),1/6,0.1057301326902172,0.7034417422741066,0,0,10.666304347826086,23.965749643656384,NFS1
GO_Biological_Process_2021,vesicle fusion with endoplasmic reticulum-Golgi intermediate compartment (ERGIC) membrane (GO:1990668),1/6,0.1057301326902172,0.7034417422741066,0,0,10.666304347826086,23.965749643656384,STX4
GO_Biological_Process_2021,positive regulation of neurotransmitter secretion (GO:0001956),1/6,0.1057301326902172,0.7034417422741066,0,0,10.666304347826086,23.965749643656384,STX1B
GO_Biological_Process_2021,positive regulation of ion transmembrane transport (GO:0034767),1/6,0.1057301326902172,0.7034417422741066,0,0,10.666304347826086,23.965749643656384,ANO6
GO_Biological_Process_2021,GDP-mannose metabolic process (GO:0019673),1/6,0.1057301326902172,0.7034417422741066,0,0,10.666304347826086,23.965749643656384,GMPPB
GO_Biological_Process_2021,galactose catabolic process (GO:0019388),1/6,0.1057301326902172,0.7034417422741066,0,0,10.666304347826086,23.965749643656384,PGM2
GO_Biological_Process_2021,progesterone receptor signaling pathway (GO:0050847),1/8,0.1384347593491376,0.7034417422741066,0,0,7.618012422360248,15.063523454852836,PHB
GO_Biological_Process_2021,negative regulation of actin nucleation (GO:0051126),1/8,0.1384347593491376,0.7034417422741066,0,0,7.618012422360248,15.063523454852836,PICK1
GO_Biological_Process_2021,activation of phospholipase C activity (GO:0007202),2/32,0.117368466697474,0.7034417422741066,0,0,3.560581289736603,7.628321113702592,PHB;PHB2
GO_Biological_Process_2021,cellular response to chemical stress (GO:0062197),4/101,0.116843598047546,0.7034417422741066,0,0,2.2069199265640447,4.73807833788812,PRDX1;GSTP1;STX4;PRDX6
GO_Biological_Process_2021,regulated exocytosis (GO:0045055),6/180,0.1168219333668367,0.7034417422741066,0,0,1.8482948608340457,3.968482103128775,SYT5;CD63;TF;CD109;ALDOA;CPLX1
GO_Biological_Process_2021,positive regulation of mononuclear cell migration (GO:0071677),2/31,0.1113332097932641,0.7034417422741066,0,0,3.6835478718406462,8.086226264766038,ANO6;JAM2
GO_Biological_Process_2021,regulation of calcium ion-dependent exocytosis (GO:0017158),2/31,0.1113332097932641,0.7034417422741066,0,0,3.6835478718406462,8.086226264766038,SYT5;DOC2B
GO_Biological_Process_2021,cellular response to reactive oxygen species (GO:0034614),3/63,0.1105038933783276,0.7034417422741066,0,0,2.6736338797814208,5.889225443722767,NET1;PDK2;AQP1
GO_Biological_Process_2021,negative regulation of kinase activity (GO:0033673),3/62,0.1066211172190336,0.7034417422741066,0,0,2.719088635732148,6.086608369497797,GSTP1;HSPB1;TSC2
GO_Biological_Process_2021,cellular hyperosmotic response (GO:0071474),1/6,0.1057301326902172,0.7034417422741066,0,0,10.666304347826086,23.965749643656384,AQP1
GO_Biological_Process_2021,negative regulation of glucocorticoid receptor signaling pathway (GO:2000323),1/6,0.1057301326902172,0.7034417422741066,0,0,10.666304347826086,23.965749643656384,PHB
GO_Biological_Process_2021,ATP synthesis coupled electron transport (GO:0042773),1/6,0.1057301326902172,0.7034417422741066,0,0,10.666304347826086,23.965749643656384,COA6
GO_Biological_Process_2021,negative regulation of chemokine-mediated signaling pathway (GO:0070100),1/6,0.1057301326902172,0.7034417422741066,0,0,10.666304347826086,23.965749643656384,PADI2
GO_Biological_Process_2021,protein repair (GO:0030091),1/6,0.1057301326902172,0.7034417422741066,0,0,10.666304347826086,23.965749643656384,MSRB2
GO_Biological_Process_2021,negative regulation of Arp2/3 complex-mediated actin nucleation (GO:0034316),1/6,0.1057301326902172,0.7034417422741066,0,0,10.666304347826086,23.965749643656384,PICK1
GO_Biological_Process_2021,synaptic vesicle cycle (GO:0099504),2/30,0.1053832883912008,0.7034417422741066,0,0,3.815297781237836,8.584996917471212,BRSK1;CPLX1
GO_Biological_Process_2021,amino sugar catabolic process (GO:0046348),1/7,0.1222343370785103,0.7034417422741066,0,0,8.888134057971014,18.681215981665996,NAGK
GO_Biological_Process_2021,positive regulation of vasculature development (GO:1904018),4/102,0.1199541757206068,0.7034417422741066,0,0,2.1842885099245177,4.632101551493059,GRN;HSPB6;HSPB1;AQP1
GO_Biological_Process_2021,hepoxilin biosynthetic process (GO:0051122),1/9,0.1543369756838285,0.7035602439417338,0,0,6.665421195652174,12.455118780459532,GSTP1
GO_Biological_Process_2021,hepoxilin metabolic process (GO:0051121),1/9,0.1543369756838285,0.7035602439417338,0,0,6.665421195652174,12.455118780459532,GSTP1
GO_Biological_Process_2021,positive regulation of mitochondrial membrane permeability involved in apoptotic process (GO:1902110),1/9,0.1543369756838285,0.7035602439417338,0,0,6.665421195652174,12.455118780459532,VDAC2
GO_Biological_Process_2021,small RNA loading onto RISC (GO:0070922),1/9,0.1543369756838285,0.7035602439417338,0,0,6.665421195652174,12.455118780459532,DHX9
GO_Biological_Process_2021,"positive regulation of phagocytosis, engulfment (GO:0060100)",1/9,0.1543369756838285,0.7035602439417338,0,0,6.665421195652174,12.455118780459532,ANO6
GO_Biological_Process_2021,lysosomal lumen acidification (GO:0007042),1/9,0.1543369756838285,0.7035602439417338,0,0,6.665421195652174,12.455118780459532,GRN
GO_Biological_Process_2021,response to cAMP (GO:0051591),2/38,0.1550945160176667,0.7035602439417338,0,0,2.9662428095670603,5.528247731334597,VGF;AQP1
GO_Biological_Process_2021,cellular response to reactive nitrogen species (GO:1902170),1/9,0.1543369756838285,0.7035602439417338,0,0,6.665421195652174,12.455118780459532,AQP1
GO_Biological_Process_2021,neuronal ion channel clustering (GO:0045161),1/9,0.1543369756838285,0.7035602439417338,0,0,6.665421195652174,12.455118780459532,PICK1
GO_Biological_Process_2021,neurotransmitter receptor transport to postsynaptic membrane (GO:0098969),1/9,0.1543369756838285,0.7035602439417338,0,0,6.665421195652174,12.455118780459532,STX1B
GO_Biological_Process_2021,regulation of leukocyte mediated cytotoxicity (GO:0001910),1/9,0.1543369756838285,0.7035602439417338,0,0,6.665421195652174,12.455118780459532,ICAM1
GO_Biological_Process_2021,one-carbon compound transport (GO:0019755),1/9,0.1543369756838285,0.7035602439417338,0,0,6.665421195652174,12.455118780459532,AQP1
GO_Biological_Process_2021,positive regulation of autophagy of mitochondrion (GO:1903599),1/9,0.1543369756838285,0.7035602439417338,0,0,6.665421195652174,12.455118780459532,VDAC1
GO_Biological_Process_2021,"fructose 1,6-bisphosphate metabolic process (GO:0030388)",1/9,0.1543369756838285,0.7035602439417338,0,0,6.665421195652174,12.455118780459532,ALDOA
GO_Biological_Process_2021,galactose metabolic process (GO:0006012),1/9,0.1543369756838285,0.7035602439417338,0,0,6.665421195652174,12.455118780459532,PGM2
GO_Biological_Process_2021,regulation of vesicle fusion (GO:0031338),1/9,0.1543369756838285,0.7035602439417338,0,0,6.665421195652174,12.455118780459532,DOC2B
GO_Biological_Process_2021,negative regulation of RNA catabolic process (GO:1902369),1/9,0.1543369756838285,0.7035602439417338,0,0,6.665421195652174,12.455118780459532,SLIRP
GO_Biological_Process_2021,cellular response to muramyl dipeptide (GO:0071225),1/9,0.1543369756838285,0.7035602439417338,0,0,6.665421195652174,12.455118780459532,RIPK2
GO_Biological_Process_2021,regulation of cellular extravasation (GO:0002691),1/9,0.1543369756838285,0.7035602439417338,0,0,6.665421195652174,12.455118780459532,ICAM1
GO_Biological_Process_2021,negative regulation of leukocyte proliferation (GO:0070664),1/9,0.1543369756838285,0.7035602439417338,0,0,6.665421195652174,12.455118780459532,GSTP1
GO_Biological_Process_2021,associative learning (GO:0008306),1/9,0.1543369756838285,0.7035602439417338,0,0,6.665421195652174,12.455118780459532,BRSK1
GO_Biological_Process_2021,negative regulation of membrane potential (GO:0045837),1/9,0.1543369756838285,0.7035602439417338,0,0,6.665421195652174,12.455118780459532,HEBP2
GO_Biological_Process_2021,cellular response to nitric oxide (GO:0071732),1/9,0.1543369756838285,0.7035602439417338,0,0,6.665421195652174,12.455118780459532,AQP1
GO_Biological_Process_2021,negative regulation of G1/S transition of mitotic cell cycle (GO:2000134),2/37,0.1486499783638434,0.7035602439417338,0,0,3.0511483067341376,5.815979526390798,GPNMB;FHL1
GO_Biological_Process_2021,anoikis (GO:0043276),1/9,0.1543369756838285,0.7035602439417338,0,0,6.665421195652174,12.455118780459532,TSC2
GO_Biological_Process_2021,regulation of G1/S transition of mitotic cell cycle (GO:2000045),3/71,0.1433885711442467,0.7035602439417338,0,0,2.358124397299904,4.579942255341169,GPNMB;FHL1;PSME1
GO_Biological_Process_2021,positive regulation of interferon-beta production (GO:0032728),2/36,0.1422621843731393,0.7035602439417338,0,0,3.1410482449110435,6.125306527861486,DHX9;RIPK2
GO_Biological_Process_2021,regulation of cell cycle G1/S phase transition (GO:1902806),2/36,0.1422621843731393,0.7035602439417338,0,0,3.1410482449110435,6.125306527861486,PSME1;PHB2
GO_Biological_Process_2021,platelet aggregation (GO:0070527),2/36,0.1422621843731393,0.7035602439417338,0,0,3.1410482449110435,6.125306527861486,HSPB1;ILK
GO_Biological_Process_2021,axonal transport (GO:0098930),2/36,0.1422621843731393,0.7035602439417338,0,0,3.1410482449110435,6.125306527861486,AP3M2;AP3D1
GO_Biological_Process_2021,positive regulation of insulin secretion (GO:0032024),2/38,0.1550945160176667,0.7035602439417338,0,0,2.9662428095670603,5.528247731334597,STX4;DOC2B
GO_Biological_Process_2021,negative regulation of phosphatidylinositol 3-kinase signaling (GO:0014067),1/10,0.169946460366191,0.7059263912894433,0,0,5.924516908212561,10.499854426089636,TSC2
GO_Biological_Process_2021,regulation of carbohydrate biosynthetic process (GO:0043255),1/10,0.169946460366191,0.7059263912894433,0,0,5.924516908212561,10.499854426089636,PDK2
GO_Biological_Process_2021,adherens junction assembly (GO:0034333),1/10,0.169946460366191,0.7059263912894433,0,0,5.924516908212561,10.499854426089636,TBCD
GO_Biological_Process_2021,fatty acid derivative biosynthetic process (GO:1901570),2/40,0.1681369536731548,0.7059263912894433,0,0,2.809837946364549,5.009874833968527,ACSS3;BDH2
GO_Biological_Process_2021,regulation of microtubule polymerization (GO:0031113),2/40,0.1681369536731548,0.7059263912894433,0,0,2.809837946364549,5.009874833968527,PAK1;TBCD
GO_Biological_Process_2021,positive regulation of angiogenesis (GO:0045766),4/116,0.1669737842231571,0.7059263912894433,0,0,1.9098825831702544,3.418534091261669,GRN;HSPB6;HSPB1;AQP1
GO_Biological_Process_2021,cell morphogenesis involved in neuron differentiation (GO:0048667),3/76,0.1653863651833821,0.7059263912894433,0,0,2.196047608353919,3.9517238435469126,BRSK1;TBCD;PAK3
GO_Biological_Process_2021,regulation of receptor-mediated endocytosis (GO:0048259),2/39,0.1615915459751291,0.7059263912894433,0,0,2.885926798733338,5.260131010424397,TF;SMAP1
GO_Biological_Process_2021,regulation of ion transmembrane transporter activity (GO:0032412),2/39,0.1615915459751291,0.7059263912894433,0,0,2.885926798733338,5.260131010424397,FHL1;PHB2
GO_Biological_Process_2021,regulation of dendrite development (GO:0050773),2/39,0.1615915459751291,0.7059263912894433,0,0,2.885926798733338,5.260131010424397,HECW2;MARK1
GO_Biological_Process_2021,membrane organization (GO:0061024),7/242,0.1614559965277625,0.7059263912894433,0,0,1.5960032914070763,2.9103481366174546,REEP1;TF;VAPB;AP3D1;PICK1;DNM1L;EPN1
GO_Biological_Process_2021,positive regulation of immune response (GO:0050778),3/75,0.1609084699321536,0.7059263912894433,0,0,2.2266621129326047,4.067932624182019,GRN;DHX9;STX4
GO_Biological_Process_2021,activation of protein kinase activity (GO:0032147),4/114,0.1598897874122929,0.7059263912894433,0,0,1.9448069738480696,3.565357311252584,PAK1;PHB;PAK3;PHB2
GO_Biological_Process_2021,negative regulation of protein catabolic process (GO:0042177),2/42,0.1813571065113929,0.7059263912894433,0,0,2.669073569482289,4.5568752139079205,SF3B3;PHB
GO_Biological_Process_2021,hexose metabolic process (GO:0019318),2/41,0.1747267577466333,0.7059263912894433,0,0,2.7376510864249286,4.775919677604012,ALDOA;PGM1
GO_Biological_Process_2021,gluconeogenesis (GO:0006094),2/41,0.1747267577466333,0.7059263912894433,0,0,2.7376510864249286,4.775919677604012,ALDOA;PGM1
GO_Biological_Process_2021,regulation of release of cytochrome c from mitochondria (GO:0090199),2/41,0.1747267577466333,0.7059263912894433,0,0,2.7376510864249286,4.775919677604012,MFF;DNM1L
GO_Biological_Process_2021,carbohydrate catabolic process (GO:0016052),2/41,0.1747267577466333,0.7059263912894433,0,0,2.7376510864249286,4.775919677604012,ALDOA;PGM1
GO_Biological_Process_2021,intracellular protein transport (GO:0006886),9/336,0.1704430647505816,0.7059263912894433,0,0,1.4758409785932722,2.611285093245647,ARF3;STX1B;STX17;AP3D1;PICK1;TSC2;STX4;PHB2;ARF5
GO_Biological_Process_2021,N-acetylneuraminate metabolic process (GO:0006054),1/10,0.169946460366191,0.7059263912894433,0,0,5.924516908212561,10.499854426089636,NAGK
GO_Biological_Process_2021,production of siRNA involved in RNA interference (GO:0030422),1/10,0.169946460366191,0.7059263912894433,0,0,5.924516908212561,10.499854426089636,TSN
GO_Biological_Process_2021,primary miRNA processing (GO:0031053),1/10,0.169946460366191,0.7059263912894433,0,0,5.924516908212561,10.499854426089636,SRRT
GO_Biological_Process_2021,I-kappaB phosphorylation (GO:0007252),1/10,0.169946460366191,0.7059263912894433,0,0,5.924516908212561,10.499854426089636,PRDX4
GO_Biological_Process_2021,removal of superoxide radicals (GO:0019430),1/10,0.169946460366191,0.7059263912894433,0,0,5.924516908212561,10.499854426089636,PRDX1
GO_Biological_Process_2021,regulation of podosome assembly (GO:0071801),1/10,0.169946460366191,0.7059263912894433,0,0,5.924516908212561,10.499854426089636,CAPG
GO_Biological_Process_2021,"regulation of phagocytosis, engulfment (GO:0060099)",1/10,0.169946460366191,0.7059263912894433,0,0,5.924516908212561,10.499854426089636,ANO6
GO_Biological_Process_2021,regulation of microtubule nucleation (GO:0010968),1/10,0.169946460366191,0.7059263912894433,0,0,5.924516908212561,10.499854426089636,PAK1
GO_Biological_Process_2021,negative regulation of transcription by competitive promoter binding (GO:0010944),1/10,0.169946460366191,0.7059263912894433,0,0,5.924516908212561,10.499854426089636,PHB
GO_Biological_Process_2021,cellular response to oxygen levels (GO:0071453),1/10,0.169946460366191,0.7059263912894433,0,0,5.924516908212561,10.499854426089636,PICK1
GO_Biological_Process_2021,hepatocyte growth factor receptor signaling pathway (GO:0048012),1/11,0.1852685874577108,0.7059263912894433,0,0,5.331793478260869,8.98913019102634,PAK1
GO_Biological_Process_2021,regulation of stress-activated protein kinase signaling cascade (GO:0070302),1/11,0.1852685874577108,0.7059263912894433,0,0,5.331793478260869,8.98913019102634,GSTP1
GO_Biological_Process_2021,positive regulation of cellular respiration (GO:1901857),1/11,0.1852685874577108,0.7059263912894433,0,0,5.331793478260869,8.98913019102634,ISCU
GO_Biological_Process_2021,negative regulation of sodium ion transmembrane transport (GO:1902306),1/10,0.169946460366191,0.7059263912894433,0,0,5.924516908212561,10.499854426089636,HECW2
GO_Biological_Process_2021,negative regulation of sodium ion transmembrane transporter activity (GO:2000650),1/10,0.169946460366191,0.7059263912894433,0,0,5.924516908212561,10.499854426089636,HECW2
GO_Biological_Process_2021,regulation of RNA export from nucleus (GO:0046831),1/12,0.2003086327686292,0.7059263912894433,0,0,4.846837944664031,7.793211043586478,DHX9
GO_Biological_Process_2021,insulin-like growth factor receptor signaling pathway (GO:0048009),1/11,0.1852685874577108,0.7059263912894433,0,0,5.331793478260869,8.98913019102634,TSC2
GO_Biological_Process_2021,positive regulation of nitric-oxide synthase biosynthetic process (GO:0051770),1/11,0.1852685874577108,0.7059263912894433,0,0,5.331793478260869,8.98913019102634,NAMPT
GO_Biological_Process_2021,positive regulation of posttranscriptional gene silencing (GO:0060148),1/11,0.1852685874577108,0.7059263912894433,0,0,5.331793478260869,8.98913019102634,DHX9
GO_Biological_Process_2021,UDP-N-acetylglucosamine biosynthetic process (GO:0006048),1/11,0.1852685874577108,0.7059263912894433,0,0,5.331793478260869,8.98913019102634,NAGK
GO_Biological_Process_2021,positive regulation of vacuole organization (GO:0044090),1/11,0.1852685874577108,0.7059263912894433,0,0,5.331793478260869,8.98913019102634,GRN
GO_Biological_Process_2021,protein kinase C-activating G protein-coupled receptor signaling pathway (GO:0007205),1/11,0.1852685874577108,0.7059263912894433,0,0,5.331793478260869,8.98913019102634,PICK1
GO_Biological_Process_2021,anion transport (GO:0006820),2/43,0.1880242745956823,0.7059263912894433,0,0,2.6038412972685587,4.351498446493201,VDAC2;VDAC1
GO_Biological_Process_2021,cellular response to glucose starvation (GO:0042149),2/43,0.1880242745956823,0.7059263912894433,0,0,2.6038412972685587,4.351498446493201,BRSK1;PICK1
GO_Biological_Process_2021,signal release from synapse (GO:0099643),2/43,0.1880242745956823,0.7059263912894433,0,0,2.6038412972685587,4.351498446493201,BRSK1;CPLX1
GO_Biological_Process_2021,positive regulation of phospholipase C activity (GO:0010863),2/43,0.1880242745956823,0.7059263912894433,0,0,2.6038412972685587,4.351498446493201,PHB;PHB2
GO_Biological_Process_2021,regulation of neuron projection development (GO:0010975),5/165,0.1900037190769376,0.7059263912894433,0,0,1.671617445054945,2.776074536801569,STX1B;BRSK1;PAK1;PAK3;MARK1
GO_Biological_Process_2021,regulation of endothelial cell apoptotic process (GO:2000351),2/44,0.194724659639297,0.7059263912894433,0,0,2.5417153237316725,4.158675108043233,ANO6;ICAM1
GO_Biological_Process_2021,neurotransmitter secretion (GO:0007269),2/44,0.194724659639297,0.7059263912894433,0,0,2.5417153237316725,4.158675108043233,BRSK1;CPLX1
GO_Biological_Process_2021,hexose biosynthetic process (GO:0019319),2/44,0.194724659639297,0.7059263912894433,0,0,2.5417153237316725,4.158675108043233,ALDOA;PGM1
GO_Biological_Process_2021,intracellular steroid hormone receptor signaling pathway (GO:0030518),2/44,0.194724659639297,0.7059263912894433,0,0,2.5417153237316725,4.158675108043233,PADI2;PHB
GO_Biological_Process_2021,regulation of interleukin-1 beta production (GO:0032651),3/83,0.1976823795089894,0.7059263912894433,0,0,2.0031762295081967,3.247336325978672,RIPK2;GSTP1;HSPB1
GO_Biological_Process_2021,regulation of extrinsic apoptotic signaling pathway via death domain receptors (GO:1902041),2/42,0.1813571065113929,0.7059263912894433,0,0,2.669073569482289,4.5568752139079205,STX4;ICAM1
GO_Biological_Process_2021,regulation of NIK/NF-kappaB signaling (GO:1901222),3/80,0.1836503811237944,0.7059263912894433,0,0,2.081541409410262,3.5276328369701235,ILK;PHB;PHB2
GO_Biological_Process_2021,protein localization to phagophore assembly site (GO:0034497),1/11,0.1852685874577108,0.7059263912894433,0,0,5.331793478260869,8.98913019102634,STX17
GO_Biological_Process_2021,negative regulation of calcium ion transmembrane transport (GO:1903170),1/11,0.1852685874577108,0.7059263912894433,0,0,5.331793478260869,8.98913019102634,VDAC1
GO_Biological_Process_2021,regulation of biosynthetic process (GO:0009889),1/11,0.1852685874577108,0.7059263912894433,0,0,5.331793478260869,8.98913019102634,GSTP1
GO_Biological_Process_2021,negative regulation of lymphocyte migration (GO:2000402),1/11,0.1852685874577108,0.7059263912894433,0,0,5.331793478260869,8.98913019102634,PADI2
GO_Biological_Process_2021,negative regulation of sprouting angiogenesis (GO:1903671),1/11,0.1852685874577108,0.7059263912894433,0,0,5.331793478260869,8.98913019102634,EPN1
GO_Biological_Process_2021,cellular response to superoxide (GO:0071451),1/11,0.1852685874577108,0.7059263912894433,0,0,5.331793478260869,8.98913019102634,PRDX1
GO_Biological_Process_2021,chromatin-mediated maintenance of transcription (GO:0048096),1/11,0.1852685874577108,0.7059263912894433,0,0,5.331793478260869,8.98913019102634,PADI2
GO_Biological_Process_2021,regulation of lymphocyte migration (GO:2000401),1/11,0.1852685874577108,0.7059263912894433,0,0,5.331793478260869,8.98913019102634,JAM2
GO_Biological_Process_2021,regulation of mitochondrial fusion (GO:0010635),1/11,0.1852685874577108,0.7059263912894433,0,0,5.331793478260869,8.98913019102634,VAT1
GO_Biological_Process_2021,regulation of monocyte chemotactic protein-1 production (GO:0071637),1/11,0.1852685874577108,0.7059263912894433,0,0,5.331793478260869,8.98913019102634,GSTP1
GO_Biological_Process_2021,regulation of pH (GO:0006885),1/11,0.1852685874577108,0.7059263912894433,0,0,5.331793478260869,8.98913019102634,PDK2
GO_Biological_Process_2021,polyol transport (GO:0015791),1/12,0.2003086327686292,0.7059263912894433,0,0,4.846837944664031,7.793211043586478,AQP1
GO_Biological_Process_2021,regulation of response to oxidative stress (GO:1902882),1/12,0.2003086327686292,0.7059263912894433,0,0,4.846837944664031,7.793211043586478,HEBP2
GO_Biological_Process_2021,positive regulation of myeloid leukocyte mediated immunity (GO:0002888),1/12,0.2003086327686292,0.7059263912894433,0,0,4.846837944664031,7.793211043586478,STX4
GO_Biological_Process_2021,phosphate-containing compound metabolic process (GO:0006796),6/212,0.1987124167579576,0.7059263912894433,0,0,1.558613495948006,2.5185583133464617,PAK1;PLCH1;ALDOA;PLCD3;PLCD4;PLCD1
GO_Biological_Process_2021,platelet degranulation (GO:0002576),4/125,0.2001368865650936,0.7059263912894433,0,0,1.767010075851919,2.842684021717964,CD63;TF;CD109;ALDOA
GO_Biological_Process_2021,adipose tissue development (GO:0060612),1/12,0.2003086327686292,0.7059263912894433,0,0,4.846837944664031,7.793211043586478,NAMPT
GO_Biological_Process_2021,amino sugar biosynthetic process (GO:0046349),1/12,0.2003086327686292,0.7059263912894433,0,0,4.846837944664031,7.793211043586478,NAGK
GO_Biological_Process_2021,regulation of actin nucleation (GO:0051125),1/12,0.2003086327686292,0.7059263912894433,0,0,4.846837944664031,7.793211043586478,PICK1
GO_Biological_Process_2021,regulation of axon regeneration (GO:0048679),1/12,0.2003086327686292,0.7059263912894433,0,0,4.846837944664031,7.793211043586478,GRN
GO_Biological_Process_2021,negative regulation of JUN kinase activity (GO:0043508),1/12,0.2003086327686292,0.7059263912894433,0,0,4.846837944664031,7.793211043586478,GSTP1
GO_Biological_Process_2021,negative regulation of leukocyte chemotaxis (GO:0002689),1/12,0.2003086327686292,0.7059263912894433,0,0,4.846837944664031,7.793211043586478,PADI2
GO_Biological_Process_2021,carboxylic acid catabolic process (GO:0046395),1/12,0.2003086327686292,0.7059263912894433,0,0,4.846837944664031,7.793211043586478,NAGK
GO_Biological_Process_2021,negative regulation of microtubule polymerization (GO:0031115),1/12,0.2003086327686292,0.7059263912894433,0,0,4.846837944664031,7.793211043586478,TBCD
GO_Biological_Process_2021,nonribosomal peptide biosynthetic process (GO:0019184),1/12,0.2003086327686292,0.7059263912894433,0,0,4.846837944664031,7.793211043586478,BDH2
GO_Biological_Process_2021,P-body assembly (GO:0033962),1/12,0.2003086327686292,0.7059263912894433,0,0,4.846837944664031,7.793211043586478,DDX6
GO_Biological_Process_2021,mitochondrion distribution (GO:0048311),1/12,0.2003086327686292,0.7059263912894433,0,0,4.846837944664031,7.793211043586478,DNM1L
GO_Biological_Process_2021,gas transport (GO:0015669),1/12,0.2003086327686292,0.7059263912894433,0,0,4.846837944664031,7.793211043586478,AQP1
GO_Biological_Process_2021,hemidesmosome assembly (GO:0031581),1/12,0.2003086327686292,0.7059263912894433,0,0,4.846837944664031,7.793211043586478,CD151
GO_Biological_Process_2021,endoplasmic reticulum membrane organization (GO:0090158),1/12,0.2003086327686292,0.7059263912894433,0,0,4.846837944664031,7.793211043586478,VAPB
GO_Biological_Process_2021,positive regulation of response to biotic stimulus (GO:0002833),2/45,0.2014547789151582,0.7061690244860228,0,0,2.4824789303592927,3.977403773984705,GRN;DHX9
GO_Biological_Process_2021,positive regulation of chemotaxis (GO:0050921),2/45,0.2014547789151582,0.7061690244860228,0,0,2.4824789303592927,3.977403773984705,HSPB1;STX4
GO_Biological_Process_2021,cellular biogenic amine metabolic process (GO:0006576),1/13,0.2150717754517145,0.711816347856139,0,0,4.442708333333333,6.827480716507648,SMS
GO_Biological_Process_2021,regulation of interferon-beta production (GO:0032648),2/49,0.2286069596217712,0.711816347856139,0,0,2.2707403327729145,3.35104750653935,RIPK2;DHX9
GO_Biological_Process_2021,chromatin organization involved in regulation of transcription (GO:0034401),1/13,0.2150717754517145,0.711816347856139,0,0,4.442708333333333,6.827480716507648,PADI2
GO_Biological_Process_2021,regulation of lysosomal lumen pH (GO:0035751),1/13,0.2150717754517145,0.711816347856139,0,0,4.442708333333333,6.827480716507648,GRN
GO_Biological_Process_2021,cellular component maintenance (GO:0043954),1/13,0.2150717754517145,0.711816347856139,0,0,4.442708333333333,6.827480716507648,PICK1
GO_Biological_Process_2021,regulation of mRNA metabolic process (GO:1903311),1/13,0.2150717754517145,0.711816347856139,0,0,4.442708333333333,6.827480716507648,DHX9
GO_Biological_Process_2021,oligosaccharide-lipid intermediate biosynthetic process (GO:0006490),1/13,0.2150717754517145,0.711816347856139,0,0,4.442708333333333,6.827480716507648,ALG9
GO_Biological_Process_2021,pentose-phosphate shunt (GO:0006098),1/13,0.2150717754517145,0.711816347856139,0,0,4.442708333333333,6.827480716507648,PGM2
GO_Biological_Process_2021,negative regulation of macromolecule biosynthetic process (GO:0010558),1/13,0.2150717754517145,0.711816347856139,0,0,4.442708333333333,6.827480716507648,GSTP1
GO_Biological_Process_2021,positive regulation of response to stimulus (GO:0048584),2/46,0.2082112663083282,0.711816347856139,0,0,2.4259351003220213,3.806782238837352,DHX9;ILK
GO_Biological_Process_2021,positive regulation of organelle assembly (GO:1902117),2/46,0.2082112663083282,0.711816347856139,0,0,2.4259351003220213,3.806782238837352,CROCC;CAPG
GO_Biological_Process_2021,cellular response to metal ion (GO:0071248),4/131,0.2232558062858927,0.711816347856139,0,0,1.6830115413655484,2.5235698633336967,SYT5;TF;HPCA;AQP1
GO_Biological_Process_2021,negative regulation of catabolic process (GO:0009895),2/49,0.2286069596217712,0.711816347856139,0,0,2.2707403327729145,3.35104750653935,SF3B3;PHB
GO_Biological_Process_2021,positive regulation of lyase activity (GO:0051349),1/15,0.2437875973969537,0.711816347856139,0,0,3.8076475155279503,5.374334300494412,ISCU
GO_Biological_Process_2021,positive regulation of endothelial cell chemotaxis (GO:2001028),1/15,0.2437875973969537,0.711816347856139,0,0,3.8076475155279503,5.374334300494412,HSPB1
GO_Biological_Process_2021,regulation of superoxide anion generation (GO:0032928),1/15,0.2437875973969537,0.711816347856139,0,0,3.8076475155279503,5.374334300494412,GSTP1
GO_Biological_Process_2021,endoplasmic reticulum tubular network organization (GO:0071786),1/15,0.2437875973969537,0.711816347856139,0,0,3.8076475155279503,5.374334300494412,REEP1
GO_Biological_Process_2021,medium-chain fatty acid metabolic process (GO:0051791),1/15,0.2437875973969537,0.711816347856139,0,0,3.8076475155279503,5.374334300494412,ACAD9
GO_Biological_Process_2021,myoblast fusion (GO:0007520),1/15,0.2437875973969537,0.711816347856139,0,0,3.8076475155279503,5.374334300494412,JAM2
GO_Biological_Process_2021,T cell proliferation (GO:0042098),1/15,0.2437875973969537,0.711816347856139,0,0,3.8076475155279503,5.374334300494412,DOCK8
GO_Biological_Process_2021,lipoxygenase pathway (GO:0019372),1/15,0.2437875973969537,0.711816347856139,0,0,3.8076475155279503,5.374334300494412,PON2
GO_Biological_Process_2021,glycogen catabolic process (GO:0005980),1/15,0.2437875973969537,0.711816347856139,0,0,3.8076475155279503,5.374334300494412,PGM2
GO_Biological_Process_2021,heterocycle biosynthetic process (GO:0018130),1/15,0.2437875973969537,0.711816347856139,0,0,3.8076475155279503,5.374334300494412,NFS1
GO_Biological_Process_2021,positive regulation of response to cytokine stimulus (GO:0060760),1/15,0.2437875973969537,0.711816347856139,0,0,3.8076475155279503,5.374334300494412,DHX9
GO_Biological_Process_2021,glucosamine-containing compound metabolic process (GO:1901071),1/15,0.2437875973969537,0.711816347856139,0,0,3.8076475155279503,5.374334300494412,NAGK
GO_Biological_Process_2021,glucan catabolic process (GO:0009251),1/15,0.2437875973969537,0.711816347856139,0,0,3.8076475155279503,5.374334300494412,PGM2
GO_Biological_Process_2021,electron transport chain (GO:0022900),1/15,0.2437875973969537,0.711816347856139,0,0,3.8076475155279503,5.374334300494412,SDHA
GO_Biological_Process_2021,peptidyl-arginine modification (GO:0018195),1/15,0.2437875973969537,0.711816347856139,0,0,3.8076475155279503,5.374334300494412,PADI2
GO_Biological_Process_2021,NAD biosynthesis via nicotinamide riboside salvage pathway (GO:0034356),1/14,0.2295630998943361,0.711816347856139,0,0,4.100752508361204,6.034574477268617,NAMPT
GO_Biological_Process_2021,negative regulation of protein kinase activity (GO:0006469),3/90,0.2313322110896638,0.711816347856139,0,0,1.8413416242698324,2.69554084775238,GSTP1;HSPB1;TSC2
GO_Biological_Process_2021,polyamine metabolic process (GO:0006595),1/13,0.2150717754517145,0.711816347856139,0,0,4.442708333333333,6.827480716507648,SMS
GO_Biological_Process_2021,positive regulation of calcium ion-dependent exocytosis (GO:0045956),1/13,0.2150717754517145,0.711816347856139,0,0,4.442708333333333,6.827480716507648,DOC2B
GO_Biological_Process_2021,response to interleukin-6 (GO:0070741),1/13,0.2150717754517145,0.711816347856139,0,0,4.442708333333333,6.827480716507648,PHB
GO_Biological_Process_2021,response to iron ion (GO:0010039),1/13,0.2150717754517145,0.711816347856139,0,0,4.442708333333333,6.827480716507648,TF
GO_Biological_Process_2021,response to muramyl dipeptide (GO:0032495),1/13,0.2150717754517145,0.711816347856139,0,0,4.442708333333333,6.827480716507648,RIPK2
GO_Biological_Process_2021,response to nitric oxide (GO:0071731),1/13,0.2150717754517145,0.711816347856139,0,0,4.442708333333333,6.827480716507648,AQP1
GO_Biological_Process_2021,positive regulation of protein localization to cell surface (GO:2000010),1/13,0.2150717754517145,0.711816347856139,0,0,4.442708333333333,6.827480716507648,STX4
GO_Biological_Process_2021,macrophage activation involved in immune response (GO:0002281),1/13,0.2150717754517145,0.711816347856139,0,0,4.442708333333333,6.827480716507648,GRN
GO_Biological_Process_2021,mitochondrial outer membrane permeabilization (GO:0097345),1/13,0.2150717754517145,0.711816347856139,0,0,4.442708333333333,6.827480716507648,VDAC2
GO_Biological_Process_2021,UDP-N-acetylglucosamine metabolic process (GO:0006047),1/13,0.2150717754517145,0.711816347856139,0,0,4.442708333333333,6.827480716507648,NAGK
GO_Biological_Process_2021,UV-damage excision repair (GO:0070914),1/13,0.2150717754517145,0.711816347856139,0,0,4.442708333333333,6.827480716507648,H2AW
GO_Biological_Process_2021,calcium ion transmembrane transport (GO:0070588),3/87,0.2167722588166023,0.711816347856139,0,0,1.9073965651834504,2.916233820171875,ANO6;PHB;PHB2
GO_Biological_Process_2021,establishment of protein localization to mitochondrion (GO:0072655),2/48,0.2217904451412027,0.711816347856139,0,0,2.320222722426253,3.4943071231394147,MFF;GDAP1
GO_Biological_Process_2021,regulation of endothelial cell chemotaxis (GO:2001026),1/15,0.2437875973969537,0.711816347856139,0,0,3.8076475155279503,5.374334300494412,HSPB1
GO_Biological_Process_2021,regulation of dephosphorylation (GO:0035303),1/15,0.2437875973969537,0.711816347856139,0,0,3.8076475155279503,5.374334300494412,MTMR9
GO_Biological_Process_2021,regulation of cytoplasmic translation (GO:2000765),1/15,0.2437875973969537,0.711816347856139,0,0,3.8076475155279503,5.374334300494412,DHX9
GO_Biological_Process_2021,regulation of clathrin-dependent endocytosis (GO:2000369),1/15,0.2437875973969537,0.711816347856139,0,0,3.8076475155279503,5.374334300494412,SMAP1
GO_Biological_Process_2021,negative regulation of leukocyte activation (GO:0002695),1/15,0.2437875973969537,0.711816347856139,0,0,3.8076475155279503,5.374334300494412,GRN
GO_Biological_Process_2021,C21-steroid hormone biosynthetic process (GO:0006700),1/15,0.2437875973969537,0.711816347856139,0,0,3.8076475155279503,5.374334300494412,FDX2
GO_Biological_Process_2021,negative regulation of androgen receptor signaling pathway (GO:0060766),1/15,0.2437875973969537,0.711816347856139,0,0,3.8076475155279503,5.374334300494412,PHB
GO_Biological_Process_2021,protein transport (GO:0015031),9/369,0.2433900668942247,0.711816347856139,0,0,1.338263888888889,1.8910871970527288,ARF3;STX1B;MACF1;TF;STX17;AP3D1;PICK1;STX4;ARF5
GO_Biological_Process_2021,negative regulation of mitotic cell cycle phase transition (GO:1901991),3/92,0.2411365131563142,0.711816347856139,0,0,1.799778964818567,2.5599913115242945,GPNMB;FHL1;PSME1
GO_Biological_Process_2021,positive regulation of transport (GO:0051050),3/91,0.2362253705217232,0.711816347856139,0,0,1.8203241430700448,2.626671253432909,CD151;LMAN2;DOC2B
GO_Biological_Process_2021,positive regulation of ion transport (GO:0043270),2/50,0.2354374823833979,0.711816347856139,0,0,2.223319709355132,3.215609236148146,FHL1;ANO6
GO_Biological_Process_2021,regulation of complement activation (GO:0030449),2/50,0.2354374823833979,0.711816347856139,0,0,2.223319709355132,3.215609236148146,PHB;PHB2
GO_Biological_Process_2021,negative regulation of ERK1 and ERK2 cascade (GO:0070373),2/50,0.2354374823833979,0.711816347856139,0,0,2.223319709355132,3.215609236148146,GSTP1;PHB
GO_Biological_Process_2021,modulation by host of viral genome replication (GO:0044827),1/15,0.2437875973969537,0.711816347856139,0,0,3.8076475155279503,5.374334300494412,PHB
GO_Biological_Process_2021,positive regulation of secretion (GO:0051047),1/15,0.2437875973969537,0.711816347856139,0,0,3.8076475155279503,5.374334300494412,AQP1
GO_Biological_Process_2021,positive regulation of transmembrane transport (GO:0034764),1/14,0.2295630998943361,0.711816347856139,0,0,4.100752508361204,6.034574477268617,ANO6
GO_Biological_Process_2021,positive regulation of superoxide anion generation (GO:0032930),1/14,0.2295630998943361,0.711816347856139,0,0,4.100752508361204,6.034574477268617,GSTP1
GO_Biological_Process_2021,positive regulation of leukocyte degranulation (GO:0043302),1/14,0.2295630998943361,0.711816347856139,0,0,4.100752508361204,6.034574477268617,STX4
GO_Biological_Process_2021,positive regulation of insulin secretion involved in cellular response to glucose stimulus (GO:0035774),1/14,0.2295630998943361,0.711816347856139,0,0,4.100752508361204,6.034574477268617,STX4
GO_Biological_Process_2021,response to chemokine (GO:1990868),1/14,0.2295630998943361,0.711816347856139,0,0,4.100752508361204,6.034574477268617,DOCK8
GO_Biological_Process_2021,respiratory electron transport chain (GO:0022904),1/14,0.2295630998943361,0.711816347856139,0,0,4.100752508361204,6.034574477268617,SDHA
GO_Biological_Process_2021,cGMP-mediated signaling (GO:0019934),1/14,0.2295630998943361,0.711816347856139,0,0,4.100752508361204,6.034574477268617,AQP1
GO_Biological_Process_2021,regulation of integrin-mediated signaling pathway (GO:2001044),1/14,0.2295630998943361,0.711816347856139,0,0,4.100752508361204,6.034574477268617,CD63
GO_Biological_Process_2021,negative regulation of neuroinflammatory response (GO:0150079),1/14,0.2295630998943361,0.711816347856139,0,0,4.100752508361204,6.034574477268617,GRN
GO_Biological_Process_2021,carbohydrate transport (GO:0008643),1/14,0.2295630998943361,0.711816347856139,0,0,4.100752508361204,6.034574477268617,AQP1
GO_Biological_Process_2021,regulation of cell projection organization (GO:0031344),1/14,0.2295630998943361,0.711816347856139,0,0,4.100752508361204,6.034574477268617,MACF1
GO_Biological_Process_2021,activation of cysteine-type endopeptidase activity (GO:0097202),1/14,0.2295630998943361,0.711816347856139,0,0,4.100752508361204,6.034574477268617,RIPK2
GO_Biological_Process_2021,protein maturation by iron-sulfur cluster transfer (GO:0097428),1/14,0.2295630998943361,0.711816347856139,0,0,4.100752508361204,6.034574477268617,GLRX5
GO_Biological_Process_2021,response to hydrogen peroxide (GO:0042542),2/49,0.2286069596217712,0.711816347856139,0,0,2.2707403327729145,3.35104750653935,NET1;AQP1
GO_Biological_Process_2021,regulation of neuron projection arborization (GO:0150011),1/15,0.2437875973969537,0.711816347856139,0,0,3.8076475155279503,5.374334300494412,MACF1
GO_Biological_Process_2021,regulation of microglial cell activation (GO:1903978),1/15,0.2437875973969537,0.711816347856139,0,0,3.8076475155279503,5.374334300494412,GRN
GO_Biological_Process_2021,cellular response to exogenous dsRNA (GO:0071360),1/15,0.2437875973969537,0.711816347856139,0,0,3.8076475155279503,5.374334300494412,DHX9
GO_Biological_Process_2021,heme catabolic process (GO:0042167),1/16,0.2577501678339561,0.7143984567237136,0,0,3.553623188405797,4.817876182754914,HMOX2
GO_Biological_Process_2021,fatty acid beta-oxidation (GO:0006635),2/52,0.2491293383135491,0.7143984567237136,0,0,2.1341689373297004,2.966031892614449,MECR;BDH2
GO_Biological_Process_2021,neuron projection organization (GO:0106027),1/16,0.2577501678339561,0.7143984567237136,0,0,3.553623188405797,4.817876182754914,PICK1
GO_Biological_Process_2021,positive regulation of protein localization to cell periphery (GO:1904377),2/52,0.2491293383135491,0.7143984567237136,0,0,2.1341689373297004,2.966031892614449,DPP10;STX4
GO_Biological_Process_2021,positive regulation of macroautophagy (GO:0016239),2/53,0.2559853092906374,0.7143984567237136,0,0,2.0922156328471444,2.85092671277716,TSC2;VDAC1
GO_Biological_Process_2021,epiboly involved in wound healing (GO:0090505),1/16,0.2577501678339561,0.7143984567237136,0,0,3.553623188405797,4.817876182754914,CD151
GO_Biological_Process_2021,regulation of neurotransmitter transport (GO:0051588),1/16,0.2577501678339561,0.7143984567237136,0,0,3.553623188405797,4.817876182754914,CPLX1
GO_Biological_Process_2021,porphyrin-containing compound catabolic process (GO:0006787),1/16,0.2577501678339561,0.7143984567237136,0,0,3.553623188405797,4.817876182754914,HMOX2
GO_Biological_Process_2021,N-acetylglucosamine metabolic process (GO:0006044),1/16,0.2577501678339561,0.7143984567237136,0,0,3.553623188405797,4.817876182754914,NAGK
GO_Biological_Process_2021,response to organophosphorus (GO:0046683),1/16,0.2577501678339561,0.7143984567237136,0,0,3.553623188405797,4.817876182754914,VGF
GO_Biological_Process_2021,necroptotic process (GO:0070266),1/16,0.2577501678339561,0.7143984567237136,0,0,3.553623188405797,4.817876182754914,DNM1L
GO_Biological_Process_2021,positive regulation of endothelial cell apoptotic process (GO:2000353),1/16,0.2577501678339561,0.7143984567237136,0,0,3.553623188405797,4.817876182754914,ANO6
GO_Biological_Process_2021,cellular polysaccharide catabolic process (GO:0044247),1/16,0.2577501678339561,0.7143984567237136,0,0,3.553623188405797,4.817876182754914,PGM2
GO_Biological_Process_2021,regulation of mitotic sister chromatid separation (GO:0010965),1/16,0.2577501678339561,0.7143984567237136,0,0,3.553623188405797,4.817876182754914,HECW2
GO_Biological_Process_2021,regulation of defense response to virus (GO:0050688),1/16,0.2577501678339561,0.7143984567237136,0,0,3.553623188405797,4.817876182754914,DHX9
GO_Biological_Process_2021,negative regulation of protein metabolic process (GO:0051248),2/52,0.2491293383135491,0.7143984567237136,0,0,2.1341689373297004,2.966031892614449,SF3B3;PHB
GO_Biological_Process_2021,dendritic spine morphogenesis (GO:0060997),1/16,0.2577501678339561,0.7143984567237136,0,0,3.553623188405797,4.817876182754914,PAK3
GO_Biological_Process_2021,positive regulation of protein localization to plasma membrane (GO:1903078),2/52,0.2491293383135491,0.7143984567237136,0,0,2.1341689373297004,2.966031892614449,DPP10;STX4
GO_Biological_Process_2021,regulation of cellular carbohydrate metabolic process (GO:0010675),1/16,0.2577501678339561,0.7143984567237136,0,0,3.553623188405797,4.817876182754914,PDK2
GO_Biological_Process_2021,positive regulation of phagocytosis (GO:0050766),2/53,0.2559853092906374,0.7143984567237136,0,0,2.0922156328471444,2.85092671277716,LMAN2;ANO6
GO_Biological_Process_2021,plasma membrane bounded cell projection morphogenesis (GO:0120039),2/52,0.2491293383135491,0.7143984567237136,0,0,2.1341689373297004,2.966031892614449,PAK1;GAS7
GO_Biological_Process_2021,negative regulation of immune effector process (GO:0002698),1/16,0.2577501678339561,0.7143984567237136,0,0,3.553623188405797,4.817876182754914,GRN
GO_Biological_Process_2021,regulation of exocytosis (GO:0017157),2/52,0.2491293383135491,0.7143984567237136,0,0,2.1341689373297004,2.966031892614449,STX4;CPLX1
GO_Biological_Process_2021,negative regulation of macrophage activation (GO:0043031),1/16,0.2577501678339561,0.7143984567237136,0,0,3.553623188405797,4.817876182754914,GRN
GO_Biological_Process_2021,neuron projection morphogenesis (GO:0048812),4/140,0.2591141647325499,0.7166638606843311,0,0,1.5709105560032233,2.1214935361801905,BRSK1;PAK1;PAK3;GAS7
GO_Biological_Process_2021,regulation of vesicle-mediated transport (GO:0060627),3/96,0.2609382825394012,0.7186766563217544,0,0,1.7220165697161995,2.3134799514486883,TSC2;STX4;CPLX1
GO_Biological_Process_2021,cellular transition metal ion homeostasis (GO:0046916),3/96,0.2609382825394012,0.7186766563217544,0,0,1.7220165697161995,2.3134799514486883,TF;ISCU;HMOX2
GO_Biological_Process_2021,"alternative mRNA splicing, via spliceosome (GO:0000380)",1/18,0.2849086801184325,0.7237544950119076,0,0,3.135230179028133,3.936552908829248,DHX9
GO_Biological_Process_2021,protein targeting to mitochondrion (GO:0006626),2/55,0.2697046389405784,0.7237544950119076,0,0,2.0130584545781707,2.637967859761964,MFF;GDAP1
GO_Biological_Process_2021,negative regulation of cytokine-mediated signaling pathway (GO:0001960),2/55,0.2697046389405784,0.7237544950119076,0,0,2.0130584545781707,2.637967859761964,GSTP1;PADI2
GO_Biological_Process_2021,negative regulation of biosynthetic process (GO:0009890),1/18,0.2849086801184325,0.7237544950119076,0,0,3.135230179028133,3.936552908829248,GSTP1
GO_Biological_Process_2021,positive regulation of interleukin-1 beta production (GO:0032731),2/56,0.2765631904352415,0.7237544950119076,0,0,1.9756786759511555,2.5393713089287067,RIPK2;HSPB1
GO_Biological_Process_2021,negative regulation of chemokine production (GO:0032682),1/17,0.2714556213877764,0.7237544950119076,0,0,3.331351902173913,4.343938333422148,GSTP1
GO_Biological_Process_2021,monocarboxylic acid metabolic process (GO:0032787),4/143,0.2713155553337025,0.7237544950119076,0,0,1.536769488518774,2.004673881889261,MECR;PCCA;PCCB;VDAC1
GO_Biological_Process_2021,barbed-end actin filament capping (GO:0051016),1/19,0.298113979638772,0.7237544950119076,0,0,2.960899758454106,3.583515934548504,CAPG
GO_Biological_Process_2021,negative regulation of oxidative stress-induced intrinsic apoptotic signaling pathway (GO:1902176),1/19,0.298113979638772,0.7237544950119076,0,0,2.960899758454106,3.583515934548504,HSPB1
GO_Biological_Process_2021,negative regulation of fibroblast proliferation (GO:0048147),1/18,0.2849086801184325,0.7237544950119076,0,0,3.135230179028133,3.936552908829248,GSTP1
GO_Biological_Process_2021,negative regulation of leukocyte cell-cell adhesion (GO:1903038),1/18,0.2849086801184325,0.7237544950119076,0,0,3.135230179028133,3.936552908829248,GPNMB
GO_Biological_Process_2021,cellular response to dsRNA (GO:0071359),1/18,0.2849086801184325,0.7237544950119076,0,0,3.135230179028133,3.936552908829248,DHX9
GO_Biological_Process_2021,cellular response to glucocorticoid stimulus (GO:0071385),1/18,0.2849086801184325,0.7237544950119076,0,0,3.135230179028133,3.936552908829248,AQP1
GO_Biological_Process_2021,negative regulation of tumor necrosis factor-mediated signaling pathway (GO:0010804),1/18,0.2849086801184325,0.7237544950119076,0,0,3.135230179028133,3.936552908829248,GSTP1
GO_Biological_Process_2021,neuron maturation (GO:0042551),1/18,0.2849086801184325,0.7237544950119076,0,0,3.135230179028133,3.936552908829248,PICK1
GO_Biological_Process_2021,chromatin disassembly (GO:0031498),1/18,0.2849086801184325,0.7237544950119076,0,0,3.135230179028133,3.936552908829248,H2AW
GO_Biological_Process_2021,regulation of membrane depolarization (GO:0003254),1/18,0.2849086801184325,0.7237544950119076,0,0,3.135230179028133,3.936552908829248,FHL1
GO_Biological_Process_2021,nucleosome disassembly (GO:0006337),1/18,0.2849086801184325,0.7237544950119076,0,0,3.135230179028133,3.936552908829248,H2AW
GO_Biological_Process_2021,regulation of oxidative stress-induced intrinsic apoptotic signaling pathway (GO:1902175),1/18,0.2849086801184325,0.7237544950119076,0,0,3.135230179028133,3.936552908829248,HSPB1
GO_Biological_Process_2021,aspartate family amino acid metabolic process (GO:0009066),1/19,0.298113979638772,0.7237544950119076,0,0,2.960899758454106,3.583515934548504,SMS
GO_Biological_Process_2021,pyroptosis (GO:0070269),1/19,0.298113979638772,0.7237544950119076,0,0,2.960899758454106,3.583515934548504,DHX9
GO_Biological_Process_2021,fluid transport (GO:0042044),1/18,0.2849086801184325,0.7237544950119076,0,0,3.135230179028133,3.936552908829248,AQP1
GO_Biological_Process_2021,positive regulation of cell cycle phase transition (GO:1901989),1/18,0.2849086801184325,0.7237544950119076,0,0,3.135230179028133,3.936552908829248,PHB2
GO_Biological_Process_2021,actin filament capping (GO:0051693),1/19,0.298113979638772,0.7237544950119076,0,0,2.960899758454106,3.583515934548504,CAPG
GO_Biological_Process_2021,response to reactive oxygen species (GO:0000302),2/59,0.2971073618105778,0.7237544950119076,0,0,1.8714087671494808,2.2712571792741056,GSTP1;PDK2
GO_Biological_Process_2021,fatty acid oxidation (GO:0019395),2/59,0.2971073618105778,0.7237544950119076,0,0,1.8714087671494808,2.2712571792741056,MECR;BDH2
GO_Biological_Process_2021,regulation of secretion by cell (GO:1903530),2/59,0.2971073618105778,0.7237544950119076,0,0,1.8714087671494808,2.2712571792741056,STX4;CPLX1
GO_Biological_Process_2021,protein polymerization (GO:0051258),2/59,0.2971073618105778,0.7237544950119076,0,0,1.8714087671494808,2.2712571792741056,MSRB2;GAS7
GO_Biological_Process_2021,regulation of protein catabolic process (GO:0042176),3/102,0.2909928712047114,0.7237544950119076,0,0,1.6171551581387646,1.9963077121415849,SF3B3;HECW2;PHB
GO_Biological_Process_2021,positive regulation of mitochondrion organization (GO:0010822),2/58,0.2902667000180851,0.7237544950119076,0,0,1.9049240949785908,2.3563056189540164,DNM1L;MFF
GO_Biological_Process_2021,positive regulation of protein localization to membrane (GO:1905477),3/101,0.2859623215851158,0.7237544950119076,0,0,1.633740381398461,2.045271773459348,DPP10;STX4;MFF
GO_Biological_Process_2021,prostanoid metabolic process (GO:0006692),1/18,0.2849086801184325,0.7237544950119076,0,0,3.135230179028133,3.936552908829248,GSTP1
GO_Biological_Process_2021,programmed necrotic cell death (GO:0097300),1/18,0.2849086801184325,0.7237544950119076,0,0,3.135230179028133,3.936552908829248,DNM1L
GO_Biological_Process_2021,water transport (GO:0006833),1/18,0.2849086801184325,0.7237544950119076,0,0,3.135230179028133,3.936552908829248,AQP1
GO_Biological_Process_2021,T cell migration (GO:0072678),1/18,0.2849086801184325,0.7237544950119076,0,0,3.135230179028133,3.936552908829248,CD99
GO_Biological_Process_2021,intracellular estrogen receptor signaling pathway (GO:0030520),1/18,0.2849086801184325,0.7237544950119076,0,0,3.135230179028133,3.936552908829248,PADI2
GO_Biological_Process_2021,positive regulation of excitatory postsynaptic potential (GO:2000463),1/18,0.2849086801184325,0.7237544950119076,0,0,3.135230179028133,3.936552908829248,STX1B
GO_Biological_Process_2021,negative regulation of cell cycle G2/M phase transition (GO:1902750),2/57,0.2834179404552394,0.7237544950119076,0,0,1.9396581620014863,2.4455843392695464,FHL1;PSME1
GO_Biological_Process_2021,cellular response to peptide (GO:1901653),2/57,0.2834179404552394,0.7237544950119076,0,0,1.9396581620014863,2.4455843392695464,RIPK2;ICAM1
GO_Biological_Process_2021,"positive regulation of mRNA splicing, via spliceosome (GO:0048026)",1/18,0.2849086801184325,0.7237544950119076,0,0,3.135230179028133,3.936552908829248,PRDX6
GO_Biological_Process_2021,leukocyte tethering or rolling (GO:0050901),1/18,0.2849086801184325,0.7237544950119076,0,0,3.135230179028133,3.936552908829248,JAM2
GO_Biological_Process_2021,regulation of Arp2/3 complex-mediated actin nucleation (GO:0034315),1/17,0.2714556213877764,0.7237544950119076,0,0,3.331351902173913,4.343938333422148,PICK1
GO_Biological_Process_2021,regulation of cell killing (GO:0031341),1/17,0.2714556213877764,0.7237544950119076,0,0,3.331351902173913,4.343938333422148,ICAM1
GO_Biological_Process_2021,dolichol-linked oligosaccharide biosynthetic process (GO:0006488),1/17,0.2714556213877764,0.7237544950119076,0,0,3.331351902173913,4.343938333422148,ALG9
GO_Biological_Process_2021,positive regulation of blood coagulation (GO:0030194),1/17,0.2714556213877764,0.7237544950119076,0,0,3.331351902173913,4.343938333422148,ANO6
GO_Biological_Process_2021,positive regulation of DNA replication (GO:0045740),1/17,0.2714556213877764,0.7237544950119076,0,0,3.331351902173913,4.343938333422148,DHX9
GO_Biological_Process_2021,response to purine-containing compound (GO:0014074),1/17,0.2714556213877764,0.7237544950119076,0,0,3.331351902173913,4.343938333422148,VGF
GO_Biological_Process_2021,positive regulation of regulated secretory pathway (GO:1903307),1/17,0.2714556213877764,0.7237544950119076,0,0,3.331351902173913,4.343938333422148,DOC2B
GO_Biological_Process_2021,negative regulation of amyloid-beta formation (GO:1902430),1/17,0.2714556213877764,0.7237544950119076,0,0,3.331351902173913,4.343938333422148,RTN1
GO_Biological_Process_2021,protein-containing complex disassembly (GO:0032984),2/56,0.2765631904352415,0.7237544950119076,0,0,1.9756786759511555,2.5393713089287067,STX17;PYM1
GO_Biological_Process_2021,"nuclear-transcribed mRNA catabolic process, deadenylation-dependent decay (GO:0000288)",2/56,0.2765631904352415,0.7237544950119076,0,0,1.9756786759511555,2.5393713089287067,HBS1L;DDX6
GO_Biological_Process_2021,mitochondrial transport (GO:0006839),2/56,0.2765631904352415,0.7237544950119076,0,0,1.9756786759511555,2.5393713089287067,MFF;GDAP1
GO_Biological_Process_2021,negative regulation of amyloid precursor protein catabolic process (GO:1902992),1/19,0.298113979638772,0.7237544950119076,0,0,2.960899758454106,3.583515934548504,RTN1
GO_Biological_Process_2021,cellular response to copper ion (GO:0071280),1/19,0.298113979638772,0.7237544950119076,0,0,2.960899758454106,3.583515934548504,AQP1
GO_Biological_Process_2021,mitochondrion localization (GO:0051646),1/19,0.298113979638772,0.7237544950119076,0,0,2.960899758454106,3.583515934548504,MARK1
GO_Biological_Process_2021,leukocyte adhesion to vascular endothelial cell (GO:0061756),1/19,0.298113979638772,0.7237544950119076,0,0,2.960899758454106,3.583515934548504,JAM2
GO_Biological_Process_2021,positive regulation of neutrophil chemotaxis (GO:0090023),1/19,0.298113979638772,0.7237544950119076,0,0,2.960899758454106,3.583515934548504,DNM1L
GO_Biological_Process_2021,positive regulation of G protein-coupled receptor signaling pathway (GO:0045745),1/19,0.298113979638772,0.7237544950119076,0,0,2.960899758454106,3.583515934548504,PHB
GO_Biological_Process_2021,positive regulation of monocyte chemotaxis (GO:0090026),1/19,0.298113979638772,0.7237544950119076,0,0,2.960899758454106,3.583515934548504,ANO6
GO_Biological_Process_2021,glycerolipid catabolic process (GO:0046503),1/19,0.298113979638772,0.7237544950119076,0,0,2.960899758454106,3.583515934548504,PRDX6
GO_Biological_Process_2021,regulation of vascular endothelial growth factor signaling pathway (GO:1900746),1/19,0.298113979638772,0.7237544950119076,0,0,2.960899758454106,3.583515934548504,CD63
GO_Biological_Process_2021,pore complex assembly (GO:0046931),1/19,0.298113979638772,0.7237544950119076,0,0,2.960899758454106,3.583515934548504,ANO6
GO_Biological_Process_2021,positive regulation of cilium assembly (GO:0045724),1/19,0.298113979638772,0.7237544950119076,0,0,2.960899758454106,3.583515934548504,CROCC
GO_Biological_Process_2021,regulation of mitochondrial membrane permeability (GO:0046902),1/19,0.298113979638772,0.7237544950119076,0,0,2.960899758454106,3.583515934548504,HEBP2
GO_Biological_Process_2021,endomembrane system organization (GO:0010256),5/199,0.3063562586504965,0.7410203968464961,0,0,1.3762461765039085,1.628108324177124,STX17;VAPB;LMAN2;AP3D1;DNM1L
GO_Biological_Process_2021,positive regulation of cellular metabolic process (GO:0031325),3/105,0.3061180084479609,0.7410203968464961,0,0,1.5693506910961106,1.857773184592033,ATAD1;CD63;PICK1
GO_Biological_Process_2021,protein-DNA complex disassembly (GO:0032986),1/20,0.3110760705675902,0.7414922336620196,0,0,2.804919908466819,3.275354895762432,H2AW
GO_Biological_Process_2021,regulation of acute inflammatory response (GO:0002673),1/20,0.3110760705675902,0.7414922336620196,0,0,2.804919908466819,3.275354895762432,GSTP1
GO_Biological_Process_2021,mitochondrial cytochrome c oxidase assembly (GO:0033617),1/20,0.3110760705675902,0.7414922336620196,0,0,2.804919908466819,3.275354895762432,SCO1
GO_Biological_Process_2021,production of small RNA involved in gene silencing by RNA (GO:0070918),1/20,0.3110760705675902,0.7414922336620196,0,0,2.804919908466819,3.275354895762432,TSN
GO_Biological_Process_2021,regulation of T cell migration (GO:2000404),1/20,0.3110760705675902,0.7414922336620196,0,0,2.804919908466819,3.275354895762432,DOCK8
GO_Biological_Process_2021,regulation of tissue remodeling (GO:0034103),1/20,0.3110760705675902,0.7414922336620196,0,0,2.804919908466819,3.275354895762432,GPNMB
GO_Biological_Process_2021,regulation of endocytosis (GO:0030100),2/61,0.3107563575570768,0.7414922336620196,0,0,1.8077864499145613,2.1128433449810955,CD151;TSC2
GO_Biological_Process_2021,adaptive immune response based on somatic recombination of immune receptors built from immunoglobulin superfamily domains (GO:0002460),1/20,0.3110760705675902,0.7414922336620196,0,0,2.804919908466819,3.275354895762432,PHB
GO_Biological_Process_2021,glucose metabolic process (GO:0006006),2/62,0.3175608650340503,0.7499512320946138,0,0,1.777565849227975,2.039020505333675,ALDOA;PGM1
GO_Biological_Process_2021,positive regulation of interleukin-1 production (GO:0032732),2/62,0.3175608650340503,0.7499512320946138,0,0,1.777565849227975,2.039020505333675,RIPK2;HSPB1
GO_Biological_Process_2021,regulation of angiogenesis (GO:0045765),5/203,0.3208083071516961,0.7499512320946138,0,0,1.3481657231657231,1.532745125646461,GRN;GPNMB;HSPB6;HSPB1;AQP1
GO_Biological_Process_2021,I-kappaB kinase/NF-kappaB signaling (GO:0007249),2/62,0.3175608650340503,0.7499512320946138,0,0,1.777565849227975,2.039020505333675,PRDX4;RIPK2
GO_Biological_Process_2021,negative regulation of ion transmembrane transporter activity (GO:0032413),1/21,0.3237994203044244,0.7499512320946138,0,0,2.664538043478261,3.004615773190296,HECW2
GO_Biological_Process_2021,purinergic nucleotide receptor signaling pathway (GO:0035590),1/21,0.3237994203044244,0.7499512320946138,0,0,2.664538043478261,3.004615773190296,ANO6
GO_Biological_Process_2021,cellular response to inorganic substance (GO:0071241),1/21,0.3237994203044244,0.7499512320946138,0,0,2.664538043478261,3.004615773190296,AQP1
GO_Biological_Process_2021,positive regulation of phosphatase activity (GO:0010922),1/21,0.3237994203044244,0.7499512320946138,0,0,2.664538043478261,3.004615773190296,MTMR9
GO_Biological_Process_2021,myotube differentiation (GO:0014902),1/21,0.3237994203044244,0.7499512320946138,0,0,2.664538043478261,3.004615773190296,JAM2
GO_Biological_Process_2021,NAD biosynthetic process (GO:0009435),1/21,0.3237994203044244,0.7499512320946138,0,0,2.664538043478261,3.004615773190296,NAMPT
GO_Biological_Process_2021,vacuolar acidification (GO:0007035),1/21,0.3237994203044244,0.7499512320946138,0,0,2.664538043478261,3.004615773190296,GRN
GO_Biological_Process_2021,long-term synaptic potentiation (GO:0060291),1/21,0.3237994203044244,0.7499512320946138,0,0,2.664538043478261,3.004615773190296,STX4
GO_Biological_Process_2021,linoleic acid metabolic process (GO:0043651),1/21,0.3237994203044244,0.7499512320946138,0,0,2.664538043478261,3.004615773190296,GSTP1
GO_Biological_Process_2021,stress granule assembly (GO:0034063),1/21,0.3237994203044244,0.7499512320946138,0,0,2.664538043478261,3.004615773190296,DDX6
GO_Biological_Process_2021,positive regulation of viral process (GO:0048524),2/63,0.3243496175420641,0.7499512320946138,0,0,1.748336087908161,1.968509783335852,DHX9;VAPB
GO_Biological_Process_2021,regulation of cell-substrate junction assembly (GO:0090109),1/21,0.3237994203044244,0.7499512320946138,0,0,2.664538043478261,3.004615773190296,MACF1
GO_Biological_Process_2021,negative regulation of response to wounding (GO:1903035),1/21,0.3237994203044244,0.7499512320946138,0,0,2.664538043478261,3.004615773190296,CD109
GO_Biological_Process_2021,negative regulation of lymphocyte activation (GO:0051250),1/22,0.3362884143017252,0.7562163141501916,0,0,2.5375258799171845,2.765360461035737,GPNMB
GO_Biological_Process_2021,amino acid import (GO:0043090),1/22,0.3362884143017252,0.7562163141501916,0,0,2.5375258799171845,2.765360461035737,SFXN1
GO_Biological_Process_2021,regulation of protein kinase activity (GO:0045859),3/110,0.3313815565736308,0.7562163141501916,0,0,1.4956335222920178,1.6519045345249797,GSTP1;TSC2;HSPB1
GO_Biological_Process_2021,regulation of cellular ketone metabolic process (GO:0010565),2/64,0.3311208832195568,0.7562163141501916,0,0,1.720049222114793,1.9011218381950157,PSME1;PDK2
GO_Biological_Process_2021,regulation of extrinsic apoptotic signaling pathway (GO:2001236),2/64,0.3311208832195568,0.7562163141501916,0,0,1.720049222114793,1.9011218381950157,GSTP1;STX4
GO_Biological_Process_2021,T cell receptor signaling pathway (GO:0050852),4/158,0.3334754157974062,0.7562163141501916,0,0,1.3860167230030245,1.5221043440516056,PAK1;RIPK2;PSME1;PAK3
GO_Biological_Process_2021,plasma membrane organization (GO:0007009),2/64,0.3311208832195568,0.7562163141501916,0,0,1.720049222114793,1.9011218381950157,ANO6;STX4
GO_Biological_Process_2021,microglial cell activation (GO:0001774),1/22,0.3362884143017252,0.7562163141501916,0,0,2.5375258799171845,2.765360461035737,GRN
GO_Biological_Process_2021,glutathione derivative metabolic process (GO:1901685),1/22,0.3362884143017252,0.7562163141501916,0,0,2.5375258799171845,2.765360461035737,GSTP1
GO_Biological_Process_2021,positive regulation of axon extension (GO:0045773),1/22,0.3362884143017252,0.7562163141501916,0,0,2.5375258799171845,2.765360461035737,MACF1
GO_Biological_Process_2021,regulation of response to cytokine stimulus (GO:0060759),1/22,0.3362884143017252,0.7562163141501916,0,0,2.5375258799171845,2.765360461035737,DHX9
GO_Biological_Process_2021,glutathione derivative biosynthetic process (GO:1901687),1/22,0.3362884143017252,0.7562163141501916,0,0,2.5375258799171845,2.765360461035737,GSTP1
GO_Biological_Process_2021,regulation of voltage-gated calcium channel activity (GO:1901385),1/22,0.3362884143017252,0.7562163141501916,0,0,2.5375258799171845,2.765360461035737,HPCA
GO_Biological_Process_2021,positive regulation of granulocyte chemotaxis (GO:0071624),1/22,0.3362884143017252,0.7562163141501916,0,0,2.5375258799171845,2.765360461035737,DNM1L
GO_Biological_Process_2021,cellular response to osmotic stress (GO:0071470),1/22,0.3362884143017252,0.7562163141501916,0,0,2.5375258799171845,2.765360461035737,AQP1
GO_Biological_Process_2021,cell projection assembly (GO:0030031),1/22,0.3362884143017252,0.7562163141501916,0,0,2.5375258799171845,2.765360461035737,CAPG
GO_Biological_Process_2021,phosphatidylinositol metabolic process (GO:0046488),3/112,0.341485227492534,0.7665875569224524,0,0,1.4680403068130543,1.5773371681374082,ARF3;MTMR9;PLCD1
GO_Biological_Process_2021,positive regulation of mRNA processing (GO:0050685),1/23,0.3485473576790451,0.7705659121707052,0,0,2.422060276679842,2.55280591931717,PRDX6
GO_Biological_Process_2021,positive regulation of JUN kinase activity (GO:0043507),1/23,0.3485473576790451,0.7705659121707052,0,0,2.422060276679842,2.55280591931717,PAK1
GO_Biological_Process_2021,glucose 6-phosphate metabolic process (GO:0051156),1/23,0.3485473576790451,0.7705659121707052,0,0,2.422060276679842,2.55280591931717,PGM2
GO_Biological_Process_2021,positive regulation of epithelial cell apoptotic process (GO:1904037),1/23,0.3485473576790451,0.7705659121707052,0,0,2.422060276679842,2.55280591931717,ANO6
GO_Biological_Process_2021,negative regulation of G2/M transition of mitotic cell cycle (GO:0010972),2/66,0.3446043692728773,0.7705659121707052,0,0,1.6661273841961852,1.77502259713885,FHL1;PSME1
GO_Biological_Process_2021,DNA methylation (GO:0006306),1/23,0.3485473576790451,0.7705659121707052,0,0,2.422060276679842,2.55280591931717,PICK1
GO_Biological_Process_2021,positive regulation of interleukin-17 production (GO:0032740),1/23,0.3485473576790451,0.7705659121707052,0,0,2.422060276679842,2.55280591931717,PHB
GO_Biological_Process_2021,response to copper ion (GO:0046688),1/23,0.3485473576790451,0.7705659121707052,0,0,2.422060276679842,2.55280591931717,AQP1
GO_Biological_Process_2021,positive regulation of protein autophosphorylation (GO:0031954),1/23,0.3485473576790451,0.7705659121707052,0,0,2.422060276679842,2.55280591931717,GPNMB
KEGG_2021_Human,Diabetic cardiomyopathy,8/203,0.0351484285216405,0.7732654274760918,0,0,2.208793238156119,7.395427116316498,COX3;VDAC2;VDAC1;COX5B;COX6C;SDHA;COX5A;PDK2
GO_Biological_Process_2021,C21-steroid hormone metabolic process (GO:0008207),1/24,0.3605804767885969,0.7787825454198528,0,0,2.316635160680529,2.3630607854892145,FDX2
GO_Biological_Process_2021,canonical glycolysis (GO:0061621),1/24,0.3605804767885969,0.7787825454198528,0,0,2.316635160680529,2.3630607854892145,ALDOA
GO_Biological_Process_2021,positive regulation of protein targeting to membrane (GO:0090314),1/24,0.3605804767885969,0.7787825454198528,0,0,2.316635160680529,2.3630607854892145,MFF
GO_Biological_Process_2021,glucose catabolic process to pyruvate (GO:0061718),1/24,0.3605804767885969,0.7787825454198528,0,0,2.316635160680529,2.3630607854892145,ALDOA
GO_Biological_Process_2021,cellular amide metabolic process (GO:0043603),3/115,0.3566176811912968,0.7787825454198528,0,0,1.4284982435597189,1.472911671137873,DNPEP;PCCA;PCCB
GO_Biological_Process_2021,cellular response to lectin (GO:1990858),3/115,0.3566176811912968,0.7787825454198528,0,0,1.4284982435597189,1.472911671137873,PAK1;PSME1;PAK3
GO_Biological_Process_2021,stimulatory C-type lectin receptor signaling pathway (GO:0002223),3/115,0.3566176811912968,0.7787825454198528,0,0,1.4284982435597189,1.472911671137873,PAK1;PSME1;PAK3
GO_Biological_Process_2021,sulfur amino acid metabolic process (GO:0000096),1/24,0.3605804767885969,0.7787825454198528,0,0,2.316635160680529,2.3630607854892145,SMS
GO_Biological_Process_2021,phospholipid catabolic process (GO:0009395),1/24,0.3605804767885969,0.7787825454198528,0,0,2.316635160680529,2.3630607854892145,PRDX6
GO_Biological_Process_2021,"nucleotide-binding domain, leucine rich repeat containing receptor signaling pathway (GO:0035872)",1/24,0.3605804767885969,0.7787825454198528,0,0,2.316635160680529,2.3630607854892145,RIPK2
GO_Biological_Process_2021,positive regulation of neuron apoptotic process (GO:0043525),1/24,0.3605804767885969,0.7787825454198528,0,0,2.316635160680529,2.3630607854892145,GRN
GO_Biological_Process_2021,protein kinase B signaling (GO:0043491),1/24,0.3605804767885969,0.7787825454198528,0,0,2.316635160680529,2.3630607854892145,TSC2
GO_Biological_Process_2021,"wound healing, spreading of cells (GO:0044319)",1/24,0.3605804767885969,0.7787825454198528,0,0,2.316635160680529,2.3630607854892145,CD151
GO_Biological_Process_2021,protein K48-linked deubiquitination (GO:0071108),1/24,0.3605804767885969,0.7787825454198528,0,0,2.316635160680529,2.3630607854892145,OTUB1
GO_Biological_Process_2021,ion transport (GO:0006811),3/116,0.3616524739012334,0.7798131468495345,0,0,1.4157841288263455,1.4399537514548488,VDAC2;VDAC1;ANO6
GO_Biological_Process_2021,cellular response to decreased oxygen levels (GO:0036294),2/69,0.3646590104367307,0.7837179716107443,0,0,1.5912806539509536,1.605272116458643,PICK1;AQP1
GO_Biological_Process_2021,cellular response to calcium ion (GO:0071277),2/69,0.3646590104367307,0.7837179716107443,0,0,1.5912806539509536,1.605272116458643,SYT5;HPCA
GO_Biological_Process_2021,regulation of neutrophil chemotaxis (GO:0090022),1/25,0.3723919203682807,0.7848967967890933,0,0,2.2199954710144927,2.1929302406646425,DNM1L
GO_Biological_Process_2021,wound healing (GO:0042060),2/70,0.3712927118427454,0.7848967967890933,0,0,1.5677993268151948,1.5533199894241236,MACF1;PAK1
GO_Biological_Process_2021,phosphatidylinositol dephosphorylation (GO:0046856),1/25,0.3723919203682807,0.7848967967890933,0,0,2.2199954710144927,2.1929302406646425,MTMR9
GO_Biological_Process_2021,endosome transport via multivesicular body sorting pathway (GO:0032509),1/25,0.3723919203682807,0.7848967967890933,0,0,2.2199954710144927,2.1929302406646425,UBXN6
GO_Biological_Process_2021,regulation of proteolysis involved in cellular protein catabolic process (GO:1903050),1/25,0.3723919203682807,0.7848967967890933,0,0,2.2199954710144927,2.1929302406646425,PSME1
GO_Biological_Process_2021,organelle organization (GO:0006996),9/420,0.3717226577082423,0.7848967967890933,0,0,1.1690997566909975,1.1569495911729717,STX17;MTX1;VAPB;LMAN2;STX4;PHB;DNM1L;PHB2;MARK1
GO_Biological_Process_2021,regulation of dopamine secretion (GO:0014059),1/25,0.3723919203682807,0.7848967967890933,0,0,2.2199954710144927,2.1929302406646425,SYT5
GO_Biological_Process_2021,"RNA splicing, via transesterification reactions (GO:0000375)",1/25,0.3723919203682807,0.7848967967890933,0,0,2.2199954710144927,2.1929302406646425,SF3B3
GO_Biological_Process_2021,positive regulation of peptidyl-threonine phosphorylation (GO:0010800),1/25,0.3723919203682807,0.7848967967890933,0,0,2.2199954710144927,2.1929302406646425,RIPK2
GO_Biological_Process_2021,positive regulation of T cell migration (GO:2000406),1/25,0.3723919203682807,0.7848967967890933,0,0,2.2199954710144927,2.1929302406646425,DOCK8
GO_Biological_Process_2021,carbohydrate homeostasis (GO:0033500),2/70,0.3712927118427454,0.7848967967890933,0,0,1.5677993268151948,1.5533199894241236,VGF;PDK2
GO_Biological_Process_2021,glycolytic process through glucose-6-phosphate (GO:0061620),1/25,0.3723919203682807,0.7848967967890933,0,0,2.2199954710144927,2.1929302406646425,ALDOA
GO_Biological_Process_2021,regulation of mitotic metaphase/anaphase transition (GO:0030071),1/26,0.3839857613799743,0.7863454188463289,0,0,2.131086956521739,2.0397694687546664,HECW2
GO_Biological_Process_2021,regulation of monocyte chemotaxis (GO:0090025),1/26,0.3839857613799743,0.7863454188463289,0,0,2.131086956521739,2.0397694687546664,ANO6
GO_Biological_Process_2021,glial cell development (GO:0021782),1/26,0.3839857613799743,0.7863454188463289,0,0,2.131086956521739,2.0397694687546664,PICK1
GO_Biological_Process_2021,endothelial cell development (GO:0001885),1/26,0.3839857613799743,0.7863454188463289,0,0,2.131086956521739,2.0397694687546664,ICAM1
GO_Biological_Process_2021,positive regulation of viral transcription (GO:0050434),1/26,0.3839857613799743,0.7863454188463289,0,0,2.131086956521739,2.0397694687546664,DHX9
GO_Biological_Process_2021,cell junction organization (GO:0034330),2/72,0.3844755251567481,0.7863454188463289,0,0,1.522849357726742,1.4556538517738384,ILK;PAK3
GO_Biological_Process_2021,regulation of myelination (GO:0031641),1/26,0.3839857613799743,0.7863454188463289,0,0,2.131086956521739,2.0397694687546664,JAM2
GO_Biological_Process_2021,macroautophagy (GO:0016236),3/120,0.3817245133117004,0.7863454188463289,0,0,1.3671010228387277,1.316594979202985,STX17;VDAC1;UBXN6
GO_Biological_Process_2021,regulation of potassium ion transmembrane transporter activity (GO:1901016),1/26,0.3839857613799743,0.7863454188463289,0,0,2.131086956521739,2.0397694687546664,FHL1
GO_Biological_Process_2021,negative regulation of macroautophagy (GO:0016242),1/26,0.3839857613799743,0.7863454188463289,0,0,2.131086956521739,2.0397694687546664,TSC2
GO_Biological_Process_2021,negative regulation of interleukin-1 beta production (GO:0032691),1/26,0.3839857613799743,0.7863454188463289,0,0,2.131086956521739,2.0397694687546664,GSTP1
GO_Biological_Process_2021,DNA geometric change (GO:0032392),1/26,0.3839857613799743,0.7863454188463289,0,0,2.131086956521739,2.0397694687546664,DHX9
GO_Biological_Process_2021,cell morphogenesis involved in differentiation (GO:0000904),2/72,0.3844755251567481,0.7863454188463289,0,0,1.522849357726742,1.4556538517738384,TBCD;ILK
GO_Biological_Process_2021,positive regulation of microtubule polymerization or depolymerization (GO:0031112),1/26,0.3839857613799743,0.7863454188463289,0,0,2.131086956521739,2.0397694687546664,PAK1
GO_Biological_Process_2021,positive regulation of cellular protein localization (GO:1903829),2/71,0.377898627543123,0.7863454188463289,0,0,1.544998617857284,1.503483424164454,CROCC;STX4
GO_Biological_Process_2021,positive regulation of protein secretion (GO:0050714),2/72,0.3844755251567481,0.7863454188463289,0,0,1.522849357726742,1.4556538517738384,DOC2B;DNM1L
GO_Biological_Process_2021,response to ionizing radiation (GO:0010212),2/72,0.3844755251567481,0.7863454188463289,0,0,1.522849357726742,1.4556538517738384,NET1;BRSK1
GO_Biological_Process_2021,innate immune response activating cell surface receptor signaling pathway (GO:0002220),3/119,0.3767180428825213,0.7863454188463289,0,0,1.3789570378745053,1.3462182097339035,PAK1;PSME1;PAK3
GO_Biological_Process_2021,positive regulation of secretion by cell (GO:1903532),2/72,0.3844755251567481,0.7863454188463289,0,0,1.522849357726742,1.4556538517738384,STX1B;DNM1L
GO_Biological_Process_2021,presynaptic endocytosis (GO:0140238),1/27,0.3953659978935852,0.7875455902242264,0,0,2.049017558528428,1.9013722505462904,SYT5
GO_Biological_Process_2021,monovalent inorganic cation homeostasis (GO:0055067),1/27,0.3953659978935852,0.7875455902242264,0,0,2.049017558528428,1.9013722505462904,PDK2
GO_Biological_Process_2021,fatty acid metabolic process (GO:0006631),3/124,0.4016548136068075,0.7875455902242264,0,0,1.3216366346023574,1.2055470223182432,MECR;PON2;ACAD9
GO_Biological_Process_2021,regulation of tumor necrosis factor production (GO:0032680),3/124,0.4016548136068075,0.7875455902242264,0,0,1.3216366346023574,1.2055470223182432,DHX9;GSTP1;HSPB1
GO_Biological_Process_2021,regulation of transcription from RNA polymerase II promoter in response to hypoxia (GO:0061418),2/75,0.4040205970341913,0.7875455902242264,0,0,1.4600425516031503,1.3232211166292105,CUL2;PSME1
GO_Biological_Process_2021,modulation of excitatory postsynaptic potential (GO:0098815),1/27,0.3953659978935852,0.7875455902242264,0,0,2.049017558528428,1.9013722505462904,STX1B
GO_Biological_Process_2021,melanosome organization (GO:0032438),1/27,0.3953659978935852,0.7875455902242264,0,0,2.049017558528428,1.9013722505462904,AP3D1
GO_Biological_Process_2021,glycerophospholipid catabolic process (GO:0046475),1/28,0.4065365549064871,0.7875455902242264,0,0,1.9730273752012883,1.7758852974887318,PRDX6
GO_Biological_Process_2021,positive regulation of synaptic transmission (GO:0050806),2/73,0.391022227067673,0.7875455902242264,0,0,1.5013240204167786,1.409729553926342,STX1B;STX4
GO_Biological_Process_2021,insulin receptor signaling pathway (GO:0008286),2/73,0.391022227067673,0.7875455902242264,0,0,1.5013240204167786,1.409729553926342,NAMPT;PDK2
GO_Biological_Process_2021,positive regulation of ERK1 and ERK2 cascade (GO:0070374),4/172,0.3920581141806751,0.7875455902242264,0,0,1.269602087410307,1.1887858200995862,GPNMB;PHB;PHB2;ICAM1
GO_Biological_Process_2021,neurotransmitter transport (GO:0006836),2/73,0.391022227067673,0.7875455902242264,0,0,1.5013240204167786,1.409729553926342,BRSK1;CPLX1
GO_Biological_Process_2021,regulation of actin filament-based process (GO:0032970),2/73,0.391022227067673,0.7875455902242264,0,0,1.5013240204167786,1.409729553926342,PAK1;PAK3
GO_Biological_Process_2021,regulation of actin filament polymerization (GO:0030833),2/73,0.391022227067673,0.7875455902242264,0,0,1.5013240204167786,1.409729553926342,COTL1;PAK3
GO_Biological_Process_2021,positive regulation of cell motility (GO:2000147),5/221,0.3864880734991791,0.7875455902242264,0,0,1.234673890923891,1.1737480053903626,GRN;PAK1;CD151;GPNMB;STX4
GO_Biological_Process_2021,positive regulation of microtubule polymerization (GO:0031116),1/28,0.4065365549064871,0.7875455902242264,0,0,1.9730273752012883,1.7758852974887318,PAK1
GO_Biological_Process_2021,receptor clustering (GO:0043113),1/28,0.4065365549064871,0.7875455902242264,0,0,1.9730273752012883,1.7758852974887318,PICK1
GO_Biological_Process_2021,negative regulation of cellular response to insulin stimulus (GO:1900077),1/28,0.4065365549064871,0.7875455902242264,0,0,1.9730273752012883,1.7758852974887318,TSC2
GO_Biological_Process_2021,negative regulation of oxidative stress-induced cell death (GO:1903202),1/28,0.4065365549064871,0.7875455902242264,0,0,1.9730273752012883,1.7758852974887318,HSPB1
GO_Biological_Process_2021,cytoplasmic pattern recognition receptor signaling pathway (GO:0002753),1/27,0.3953659978935852,0.7875455902242264,0,0,2.049017558528428,1.9013722505462904,RIPK2
GO_Biological_Process_2021,negative regulation of protein polymerization (GO:0032272),1/27,0.3953659978935852,0.7875455902242264,0,0,2.049017558528428,1.9013722505462904,TBCD
GO_Biological_Process_2021,regulation of vasculature development (GO:1901342),1/27,0.3953659978935852,0.7875455902242264,0,0,2.049017558528428,1.9013722505462904,GPNMB
GO_Biological_Process_2021,negative regulation of wound healing (GO:0061045),1/29,0.4175012854354213,0.7875455902242264,0,0,1.902465062111801,1.6617416980608049,CD109
GO_Biological_Process_2021,regulation of protein targeting to membrane (GO:0090313),1/29,0.4175012854354213,0.7875455902242264,0,0,1.902465062111801,1.6617416980608049,MFF
GO_Biological_Process_2021,negative regulation of endothelial cell apoptotic process (GO:2000352),1/27,0.3953659978935852,0.7875455902242264,0,0,2.049017558528428,1.9013722505462904,ICAM1
GO_Biological_Process_2021,negative regulation of insulin receptor signaling pathway (GO:0046627),1/27,0.3953659978935852,0.7875455902242264,0,0,2.049017558528428,1.9013722505462904,TSC2
GO_Biological_Process_2021,acute inflammatory response (GO:0002526),1/27,0.3953659978935852,0.7875455902242264,0,0,2.049017558528428,1.9013722505462904,ANO6
GO_Biological_Process_2021,regulation of small molecule metabolic process (GO:0062012),1/28,0.4065365549064871,0.7875455902242264,0,0,1.9730273752012883,1.7758852974887318,PDK2
GO_Biological_Process_2021,regulation of phosphatase activity (GO:0010921),1/28,0.4065365549064871,0.7875455902242264,0,0,1.9730273752012883,1.7758852974887318,MTMR9
GO_Biological_Process_2021,nucleotide-binding oligomerization domain containing signaling pathway (GO:0070423),1/28,0.4065365549064871,0.7875455902242264,0,0,1.9730273752012883,1.7758852974887318,RIPK2
GO_Biological_Process_2021,regulation of insulin secretion involved in cellular response to glucose stimulus (GO:0061178),1/28,0.4065365549064871,0.7875455902242264,0,0,1.9730273752012883,1.7758852974887318,STX4
GO_Biological_Process_2021,cellular response to interleukin-6 (GO:0071354),1/28,0.4065365549064871,0.7875455902242264,0,0,1.9730273752012883,1.7758852974887318,PHB
GO_Biological_Process_2021,import into nucleus (GO:0051170),2/77,0.4168853501494548,0.7875455902242264,0,0,1.420962761126249,1.243262891343777,TSC2;PHB2
GO_Biological_Process_2021,positive regulation of tumor necrosis factor production (GO:0032760),2/77,0.4168853501494548,0.7875455902242264,0,0,1.420962761126249,1.243262891343777,DHX9;HSPB1
GO_Biological_Process_2021,cellular response to UV (GO:0034644),2/77,0.4168853501494548,0.7875455902242264,0,0,1.420962761126249,1.243262891343777,H2AW;AQP1
GO_Biological_Process_2021,protein import into nucleus (GO:0006606),2/76,0.4104701690088625,0.7875455902242264,0,0,1.4402386037263422,1.2824633777484045,TSC2;PHB2
GO_Biological_Process_2021,positive regulation of response to wounding (GO:1903036),1/28,0.4065365549064871,0.7875455902242264,0,0,1.9730273752012883,1.7758852974887318,GRN
GO_Biological_Process_2021,positive regulation of dephosphorylation (GO:0035306),1/29,0.4175012854354213,0.7875455902242264,0,0,1.902465062111801,1.6617416980608049,MTMR9
GO_Biological_Process_2021,positive regulation of leukocyte migration (GO:0002687),1/29,0.4175012854354213,0.7875455902242264,0,0,1.902465062111801,1.6617416980608049,ICAM1
GO_Biological_Process_2021,production of miRNAs involved in gene silencing by miRNA (GO:0035196),1/29,0.4175012854354213,0.7875455902242264,0,0,1.902465062111801,1.6617416980608049,SRRT
GO_Biological_Process_2021,establishment of endothelial barrier (GO:0061028),1/29,0.4175012854354213,0.7875455902242264,0,0,1.902465062111801,1.6617416980608049,ICAM1
GO_Biological_Process_2021,glial cell differentiation (GO:0010001),1/29,0.4175012854354213,0.7875455902242264,0,0,1.902465062111801,1.6617416980608049,PICK1
GO_Biological_Process_2021,regulation of gluconeogenesis (GO:0006111),1/29,0.4175012854354213,0.7875455902242264,0,0,1.902465062111801,1.6617416980608049,PDK2
GO_Biological_Process_2021,regulation of calcium ion transmembrane transporter activity (GO:1901019),1/29,0.4175012854354213,0.7875455902242264,0,0,1.902465062111801,1.6617416980608049,HPCA
GO_Biological_Process_2021,regulation of translation (GO:0006417),4/178,0.4169921805084827,0.7875455902242264,0,0,1.2254448118406551,1.0718816376876608,DDX6;DHX9;PYM1;HSPB1
GO_Biological_Process_2021,positive regulation of type I interferon production (GO:0032481),2/77,0.4168853501494548,0.7875455902242264,0,0,1.420962761126249,1.243262891343777,RIPK2;DHX9
GO_Biological_Process_2021,positive regulation of viral genome replication (GO:0045070),1/29,0.4175012854354213,0.7875455902242264,0,0,1.902465062111801,1.6617416980608049,VAPB
GO_Biological_Process_2021,limb development (GO:0060173),1/29,0.4175012854354213,0.7875455902242264,0,0,1.902465062111801,1.6617416980608049,SMOC1
GO_Biological_Process_2021,L-amino acid transport (GO:0015807),1/28,0.4065365549064871,0.7875455902242264,0,0,1.9730273752012883,1.7758852974887318,SFXN1
GO_Biological_Process_2021,leukocyte cell-cell adhesion (GO:0007159),1/28,0.4065365549064871,0.7875455902242264,0,0,1.9730273752012883,1.7758852974887318,ICAM1
GO_Biological_Process_2021,positive regulation of cell communication (GO:0010647),1/28,0.4065365549064871,0.7875455902242264,0,0,1.9730273752012883,1.7758852974887318,ILK
GO_Biological_Process_2021,establishment of protein localization to organelle (GO:0072594),2/76,0.4104701690088625,0.7875455902242264,0,0,1.4402386037263422,1.2824633777484045,TSC2;PHB2
GO_Biological_Process_2021,water-soluble vitamin metabolic process (GO:0006767),2/76,0.4104701690088625,0.7875455902242264,0,0,1.4402386037263422,1.2824633777484045,PCCA;PCCB
GO_Biological_Process_2021,T cell activation involved in immune response (GO:0002286),1/28,0.4065365549064871,0.7875455902242264,0,0,1.9730273752012883,1.7758852974887318,ICAM1
GO_Biological_Process_2021,protein stabilization (GO:0050821),4/179,0.4211272011295379,0.7932439090241726,0,0,1.2183796477495108,1.0536795139902555,GRN;MTMR9;PHB;PHB2
GO_Biological_Process_2021,positive regulation of phosphate metabolic process (GO:0045937),1/30,0.4282639718351372,0.7952607182377691,0,0,1.836769115442279,1.5576087108437588,ILK
GO_Biological_Process_2021,positive regulation of macromolecule biosynthetic process (GO:0010557),3/129,0.4263039423164109,0.7952607182377691,0,0,1.2688654696851418,1.0818381349098032,DHX9;NAMPT;PYM1
GO_Biological_Process_2021,negative regulation of interleukin-1 production (GO:0032692),1/30,0.4282639718351372,0.7952607182377691,0,0,1.836769115442279,1.5576087108437588,GSTP1
GO_Biological_Process_2021,long-chain fatty acid biosynthetic process (GO:0042759),1/30,0.4282639718351372,0.7952607182377691,0,0,1.836769115442279,1.5576087108437588,GSTP1
GO_Biological_Process_2021,primary neural tube formation (GO:0014020),1/30,0.4282639718351372,0.7952607182377691,0,0,1.836769115442279,1.5576087108437588,TSC2
GO_Biological_Process_2021,cell projection organization (GO:0030030),1/30,0.4282639718351372,0.7952607182377691,0,0,1.836769115442279,1.5576087108437588,CAPG
GO_Biological_Process_2021,regulation of catecholamine secretion (GO:0050433),1/30,0.4282639718351372,0.7952607182377691,0,0,1.836769115442279,1.5576087108437588,SYT5
GO_Biological_Process_2021,Golgi to plasma membrane protein transport (GO:0043001),1/30,0.4282639718351372,0.7952607182377691,0,0,1.836769115442279,1.5576087108437588,MACF1
GO_Biological_Process_2021,positive regulation of endopeptidase activity (GO:0010950),1/30,0.4282639718351372,0.7952607182377691,0,0,1.836769115442279,1.5576087108437588,PSME1
GO_Biological_Process_2021,maintenance of blood-brain barrier (GO:0035633),1/30,0.4282639718351372,0.7952607182377691,0,0,1.836769115442279,1.5576087108437588,JAM2
GO_Biological_Process_2021,axon development (GO:0061564),2/79,0.4296088761704593,0.7955045715529269,0,0,1.3839130896351606,1.1692405943057862,BRSK1;PAK3
GO_Biological_Process_2021,regulation of ion transport (GO:0043269),2/79,0.4296088761704593,0.7955045715529269,0,0,1.3839130896351606,1.1692405943057862,SYT5;TF
GO_Biological_Process_2021,regulation of protein localization to plasma membrane (GO:1903076),2/80,0.4359155021311399,0.7968198572997408,0,0,1.3661007475721372,1.134282817879923,DPP10;STX4
GO_Biological_Process_2021,regulation of organelle organization (GO:0033043),2/80,0.4359155021311399,0.7968198572997408,0,0,1.3661007475721372,1.134282817879923,DNM1L;MFF
GO_Biological_Process_2021,negative regulation of extrinsic apoptotic signaling pathway (GO:2001237),2/80,0.4359155021311399,0.7968198572997408,0,0,1.3661007475721372,1.134282817879923,GSTP1;ICAM1
GO_Biological_Process_2021,positive regulation of RNA splicing (GO:0033120),1/31,0.4388283272085528,0.7968198572997408,0,0,1.7754528985507247,1.4623464474663077,PRDX6
GO_Biological_Process_2021,positive regulation of Rho protein signal transduction (GO:0035025),1/31,0.4388283272085528,0.7968198572997408,0,0,1.7754528985507247,1.4623464474663077,NET1
GO_Biological_Process_2021,cellular response to hypoxia (GO:0071456),3/131,0.4360660420206598,0.7968198572997408,0,0,1.2489113729508197,1.036548449604455,CUL2;PSME1;AQP1
GO_Biological_Process_2021,cellular response to cAMP (GO:0071320),1/31,0.4388283272085528,0.7968198572997408,0,0,1.7754528985507247,1.4623464474663077,AQP1
GO_Biological_Process_2021,glycerophospholipid metabolic process (GO:0006650),2/80,0.4359155021311399,0.7968198572997408,0,0,1.3661007475721372,1.134282817879923,PRDX6;PLCD1
GO_Biological_Process_2021,prostaglandin metabolic process (GO:0006693),1/31,0.4388283272085528,0.7968198572997408,0,0,1.7754528985507247,1.4623464474663077,GSTP1
GO_Biological_Process_2021,renal water homeostasis (GO:0003091),1/31,0.4388283272085528,0.7968198572997408,0,0,1.7754528985507247,1.4623464474663077,AQP1
GO_Biological_Process_2021,phospholipid translocation (GO:0045332),1/31,0.4388283272085528,0.7968198572997408,0,0,1.7754528985507247,1.4623464474663077,ANO6
GO_Biological_Process_2021,steroid hormone biosynthetic process (GO:0120178),1/31,0.4388283272085528,0.7968198572997408,0,0,1.7754528985507247,1.4623464474663077,FDX2
GO_Biological_Process_2021,positive regulation of locomotion (GO:0040017),1/31,0.4388283272085528,0.7968198572997408,0,0,1.7754528985507247,1.4623464474663077,STX4
GO_Biological_Process_2021,tube closure (GO:0060606),1/31,0.4388283272085528,0.7968198572997408,0,0,1.7754528985507247,1.4623464474663077,TSC2
GO_Biological_Process_2021,negative regulation of microtubule polymerization or depolymerization (GO:0031111),1/32,0.4491979965587054,0.7990482679626362,0,0,1.7180925666199158,1.3749749050236963,TBCD
GO_Biological_Process_2021,regulation of cell morphogenesis (GO:0022604),1/32,0.4491979965587054,0.7990482679626362,0,0,1.7180925666199158,1.3749749050236963,MACF1
GO_Biological_Process_2021,negative regulation of double-strand break repair (GO:2000780),1/32,0.4491979965587054,0.7990482679626362,0,0,1.7180925666199158,1.3749749050236963,OTUB1
GO_Biological_Process_2021,antigen receptor-mediated signaling pathway (GO:0050851),4/185,0.4457779998319769,0.7990482679626362,0,0,1.1776280935442367,0.9514460223823072,PAK1;RIPK2;PSME1;PAK3
GO_Biological_Process_2021,positive regulation of tumor necrosis factor superfamily cytokine production (GO:1903557),2/81,0.4421842966147701,0.7990482679626362,0,0,1.348739350877798,1.1006097805996091,DHX9;HSPB1
GO_Biological_Process_2021,ephrin receptor signaling pathway (GO:0048013),2/82,0.4484145070509243,0.7990482679626362,0,0,1.331811989100817,1.068162805789575,PAK1;PAK3
GO_Biological_Process_2021,regulation of ERK1 and ERK2 cascade (GO:0070372),5/238,0.4482359839039709,0.7990482679626362,0,0,1.1435881714851672,0.9176556723788628,GPNMB;GSTP1;PHB;PHB2;ICAM1
GO_Biological_Process_2021,mitochondrial membrane organization (GO:0007006),1/32,0.4491979965587054,0.7990482679626362,0,0,1.7180925666199158,1.3749749050236963,MTX1
GO_Biological_Process_2021,superoxide metabolic process (GO:0006801),1/32,0.4491979965587054,0.7990482679626362,0,0,1.7180925666199158,1.3749749050236963,PRDX1
GO_Biological_Process_2021,negative regulation of intracellular steroid hormone receptor signaling pathway (GO:0033144),1/32,0.4491979965587054,0.7990482679626362,0,0,1.7180925666199158,1.3749749050236963,PHB
GO_Biological_Process_2021,modulation by host of symbiont process (GO:0051851),1/32,0.4491979965587054,0.7990482679626362,0,0,1.7180925666199158,1.3749749050236963,AQP1
GO_Biological_Process_2021,regulation of dendrite morphogenesis (GO:0048814),1/32,0.4491979965587054,0.7990482679626362,0,0,1.7180925666199158,1.3749749050236963,HECW2
GO_Biological_Process_2021,regulation of chemotaxis (GO:0050920),1/32,0.4491979965587054,0.7990482679626362,0,0,1.7180925666199158,1.3749749050236963,STX4
GO_Biological_Process_2021,positive regulation of immune effector process (GO:0002699),1/32,0.4491979965587054,0.7990482679626362,0,0,1.7180925666199158,1.3749749050236963,PHB
GO_Biological_Process_2021,regulation of intracellular estrogen receptor signaling pathway (GO:0033146),1/32,0.4491979965587054,0.7990482679626362,0,0,1.7180925666199158,1.3749749050236963,PAK1
GO_Biological_Process_2021,peptide metabolic process (GO:0006518),2/83,0.454605421436885,0.8062150839949782,0,0,1.3153025868738857,1.0368864930358113,DNPEP;GSTP1
GO_Biological_Process_2021,lytic vacuole organization (GO:0080171),1/33,0.4593765581573216,0.8062150839949782,0,0,1.6643172554347827,1.2946474567265018,GRN
GO_Biological_Process_2021,positive regulation of organelle organization (GO:0010638),1/33,0.4593765581573216,0.8062150839949782,0,0,1.6643172554347827,1.2946474567265018,DOC2B
GO_Biological_Process_2021,regulation of sprouting angiogenesis (GO:1903670),1/33,0.4593765581573216,0.8062150839949782,0,0,1.6643172554347827,1.2946474567265018,EPN1
GO_Biological_Process_2021,negative regulation of JNK cascade (GO:0046329),1/33,0.4593765581573216,0.8062150839949782,0,0,1.6643172554347827,1.2946474567265018,GSTP1
GO_Biological_Process_2021,long-chain fatty acid metabolic process (GO:0001676),2/83,0.454605421436885,0.8062150839949782,0,0,1.3153025868738857,1.0368864930358113,GSTP1;ACAD9
GO_Biological_Process_2021,signal transduction by p53 class mediator (GO:0072331),1/33,0.4593765581573216,0.8062150839949782,0,0,1.6643172554347827,1.2946474567265018,PDK2
GO_Biological_Process_2021,regulation of interleukin-17 production (GO:0032660),1/33,0.4593765581573216,0.8062150839949782,0,0,1.6643172554347827,1.2946474567265018,PHB
GO_Biological_Process_2021,regulation of protein localization to cell surface (GO:2000008),1/33,0.4593765581573216,0.8062150839949782,0,0,1.6643172554347827,1.2946474567265018,STX4
GO_Biological_Process_2021,mitotic G2 DNA damage checkpoint signaling (GO:0007095),1/33,0.4593765581573216,0.8062150839949782,0,0,1.6643172554347827,1.2946474567265018,BRSK1
GO_Biological_Process_2021,negative regulation of mitochondrion organization (GO:0010823),1/34,0.4693675245234437,0.8064755237879879,0,0,1.613801054018445,1.2206293848147969,VAT1
GO_Biological_Process_2021,regulation of amyloid-beta formation (GO:1902003),1/34,0.4693675245234437,0.8064755237879879,0,0,1.613801054018445,1.2206293848147969,RTN1
GO_Biological_Process_2021,B cell activation (GO:0042113),2/85,0.46686670853132,0.8064755237879879,0,0,1.2834772331834148,0.977639346373366,PHB;PHB2
GO_Biological_Process_2021,organic cyclic compound biosynthetic process (GO:1901362),1/34,0.4693675245234437,0.8064755237879879,0,0,1.613801054018445,1.2206293848147969,NFS1
GO_Biological_Process_2021,epithelial tube morphogenesis (GO:0060562),1/34,0.4693675245234437,0.8064755237879879,0,0,1.613801054018445,1.2206293848147969,PAK1
GO_Biological_Process_2021,autophagosome maturation (GO:0097352),1/34,0.4693675245234437,0.8064755237879879,0,0,1.613801054018445,1.2206293848147969,STX17
GO_Biological_Process_2021,cell-substrate junction assembly (GO:0007044),1/34,0.4693675245234437,0.8064755237879879,0,0,1.613801054018445,1.2206293848147969,CD151
GO_Biological_Process_2021,tRNA export from nucleus (GO:0006409),1/34,0.4693675245234437,0.8064755237879879,0,0,1.613801054018445,1.2206293848147969,XPOT
GO_Biological_Process_2021,protein insertion into membrane (GO:0051205),1/34,0.4693675245234437,0.8064755237879879,0,0,1.613801054018445,1.2206293848147969,REEP1
GO_Biological_Process_2021,tRNA-containing ribonucleoprotein complex export from nucleus (GO:0071431),1/34,0.4693675245234437,0.8064755237879879,0,0,1.613801054018445,1.2206293848147969,XPOT
GO_Biological_Process_2021,neural tube closure (GO:0001843),1/34,0.4693675245234437,0.8064755237879879,0,0,1.613801054018445,1.2206293848147969,TSC2
GO_Biological_Process_2021,cellular response to vascular endothelial growth factor stimulus (GO:0035924),1/34,0.4693675245234437,0.8064755237879879,0,0,1.613801054018445,1.2206293848147969,HSPB1
GO_Biological_Process_2021,synaptic vesicle recycling (GO:0036465),1/34,0.4693675245234437,0.8064755237879879,0,0,1.613801054018445,1.2206293848147969,SYT5
GO_Biological_Process_2021,positive regulation of interleukin-12 production (GO:0032735),1/34,0.4693675245234437,0.8064755237879879,0,0,1.613801054018445,1.2206293848147969,RIPK2
GO_Biological_Process_2021,negative regulation of extrinsic apoptotic signaling pathway via death domain receptors (GO:1902042),1/34,0.4693675245234437,0.8064755237879879,0,0,1.613801054018445,1.2206293848147969,ICAM1
GO_Biological_Process_2021,regulation of glucose metabolic process (GO:0010906),1/34,0.4693675245234437,0.8064755237879879,0,0,1.613801054018445,1.2206293848147969,PDK2
GO_Biological_Process_2021,negative regulation of T cell proliferation (GO:0042130),1/35,0.4791743439643374,0.8101356843207043,0,0,1.5662563938618923,1.1522803769921686,GPNMB
GO_Biological_Process_2021,positive regulation of innate immune response (GO:0045089),1/36,0.4888004014475035,0.8101356843207043,0,0,1.5214285714285714,1.089040168674709,DHX9
GO_Biological_Process_2021,response to exogenous dsRNA (GO:0043330),1/35,0.4791743439643374,0.8101356843207043,0,0,1.5662563938618923,1.1522803769921686,DHX9
GO_Biological_Process_2021,intrinsic apoptotic signaling pathway by p53 class mediator (GO:0072332),1/36,0.4888004014475035,0.8101356843207043,0,0,1.5214285714285714,1.089040168674709,PDK2
GO_Biological_Process_2021,regulation of regulated secretory pathway (GO:1903305),1/35,0.4791743439643374,0.8101356843207043,0,0,1.5662563938618923,1.1522803769921686,SYT5
GO_Biological_Process_2021,positive regulation of cell cycle G1/S phase transition (GO:1902808),1/35,0.4791743439643374,0.8101356843207043,0,0,1.5662563938618923,1.1522803769921686,PHB2
GO_Biological_Process_2021,establishment of protein localization to plasma membrane (GO:0061951),1/36,0.4888004014475035,0.8101356843207043,0,0,1.5214285714285714,1.089040168674709,MACF1
GO_Biological_Process_2021,positive regulation of bone mineralization (GO:0030501),1/36,0.4888004014475035,0.8101356843207043,0,0,1.5214285714285714,1.089040168674709,ANO6
GO_Biological_Process_2021,regulation of transcription from RNA polymerase II promoter in response to stress (GO:0043618),2/87,0.4789632243956677,0.8101356843207043,0,0,1.253149543196025,0.9224828032204,CUL2;PSME1
GO_Biological_Process_2021,negative regulation of cellular amide metabolic process (GO:0034249),2/86,0.4729358484372303,0.8101356843207043,0,0,1.2681328662255094,0.9495722174541033,DDX6;RTN1
GO_Biological_Process_2021,positive regulation of endothelial cell migration (GO:0010595),2/86,0.4729358484372303,0.8101356843207043,0,0,1.2681328662255094,0.9495722174541033,GRN;HSPB1
GO_Biological_Process_2021,positive regulation of response to external stimulus (GO:0032103),3/139,0.4744501249251981,0.8101356843207043,0,0,1.174963837994214,0.8760516009298037,GRN;DHX9;STX4
GO_Biological_Process_2021,cellular response to amyloid-beta (GO:1904646),1/35,0.4791743439643374,0.8101356843207043,0,0,1.5662563938618923,1.1522803769921686,ICAM1
GO_Biological_Process_2021,cyclic-nucleotide-mediated signaling (GO:0019935),1/36,0.4888004014475035,0.8101356843207043,0,0,1.5214285714285714,1.089040168674709,AQP1
GO_Biological_Process_2021,regulation of defense response to virus by host (GO:0050691),1/36,0.4888004014475035,0.8101356843207043,0,0,1.5214285714285714,1.089040168674709,DHX9
GO_Biological_Process_2021,regulation of androgen receptor signaling pathway (GO:0060765),1/36,0.4888004014475035,0.8101356843207043,0,0,1.5214285714285714,1.089040168674709,PHB
GO_Biological_Process_2021,protein localization to membrane (GO:0072657),4/195,0.4860961490329249,0.8101356843207043,0,0,1.1153984078031989,0.8045913444083882,DPP10;DPP6;AP3D1;PICK1
GO_Biological_Process_2021,positive regulation of substrate adhesion-dependent cell spreading (GO:1900026),1/36,0.4888004014475035,0.8101356843207043,0,0,1.5214285714285714,1.089040168674709,ILK
GO_Biological_Process_2021,membrane assembly (GO:0071709),1/36,0.4888004014475035,0.8101356843207043,0,0,1.5214285714285714,1.089040168674709,STX4
GO_Biological_Process_2021,membrane fusion (GO:0061025),1/36,0.4888004014475035,0.8101356843207043,0,0,1.5214285714285714,1.089040168674709,DNM1L
GO_Biological_Process_2021,regulation of ion transmembrane transport (GO:0034765),1/35,0.4791743439643374,0.8101356843207043,0,0,1.5662563938618923,1.1522803769921686,ANO6
GO_Biological_Process_2021,protein targeting to membrane (GO:0006612),2/87,0.4789632243956677,0.8101356843207043,0,0,1.253149543196025,0.9224828032204,ATAD1;GDAP1
GO_Biological_Process_2021,dendrite morphogenesis (GO:0048813),1/36,0.4888004014475035,0.8101356843207043,0,0,1.5214285714285714,1.089040168674709,PAK3
GO_Biological_Process_2021,regulation of microtubule-based process (GO:0032886),1/36,0.4888004014475035,0.8101356843207043,0,0,1.5214285714285714,1.089040168674709,MACF1
GO_Biological_Process_2021,regulation of mRNA processing (GO:0050684),1/36,0.4888004014475035,0.8101356843207043,0,0,1.5214285714285714,1.089040168674709,DHX9
GO_Biological_Process_2021,transferrin transport (GO:0033572),1/36,0.4888004014475035,0.8101356843207043,0,0,1.5214285714285714,1.089040168674709,TF
GO_Biological_Process_2021,transition metal ion transport (GO:0000041),1/36,0.4888004014475035,0.8101356843207043,0,0,1.5214285714285714,1.089040168674709,TF
GO_Biological_Process_2021,bicarbonate transport (GO:0015701),1/35,0.4791743439643374,0.8101356843207043,0,0,1.5662563938618923,1.1522803769921686,AQP1
GO_Biological_Process_2021,positive regulation of inflammatory response (GO:0050729),2/89,0.4908906076889188,0.8115480286004698,0,0,1.2242162297597796,0.8710714352514114,GRN;DHX9
GO_Biological_Process_2021,SCF-dependent proteasomal ubiquitin-dependent protein catabolic process (GO:0031146),2/89,0.4908906076889188,0.8115480286004698,0,0,1.2242162297597796,0.8710714352514114,CUL2;PSME1
GO_Biological_Process_2021,tRNA transport (GO:0051031),1/37,0.4982490199260528,0.8154862236242888,0,0,1.4790911835748792,1.0304166928796366,XPOT
GO_Biological_Process_2021,mitochondrial respiratory chain complex assembly (GO:0033108),2/90,0.4967896594229272,0.8154862236242888,0,0,1.2102427545206838,0.8466719894504238,SCO1;ACAD9
GO_Biological_Process_2021,positive regulation of autophagy (GO:0010508),2/90,0.4967896594229272,0.8154862236242888,0,0,1.2102427545206838,0.8466719894504238,TSC2;PHB2
GO_Biological_Process_2021,regulation of protein autophosphorylation (GO:0031952),1/37,0.4982490199260528,0.8154862236242888,0,0,1.4790911835748792,1.0304166928796366,GPNMB
GO_Biological_Process_2021,positive regulation of signal transduction (GO:0009967),5/252,0.4978767445990958,0.8154862236242888,0,0,1.0779908350758554,0.7517937549576211,STX1B;MACF1;CD63;ILK;PHB
GO_Biological_Process_2021,positive regulation of binding (GO:0051099),2/90,0.4967896594229272,0.8154862236242888,0,0,1.2102427545206838,0.8466719894504238,RIPK2;DHX9
GO_Biological_Process_2021,negative regulation of stress-activated MAPK cascade (GO:0032873),1/37,0.4982490199260528,0.8154862236242888,0,0,1.4790911835748792,1.0304166928796366,GSTP1
GO_Biological_Process_2021,negative regulation of epithelial cell apoptotic process (GO:1904036),1/37,0.4982490199260528,0.8154862236242888,0,0,1.4790911835748792,1.0304166928796366,ICAM1
GO_Biological_Process_2021,regulation of actin cytoskeleton organization (GO:0032956),2/91,0.5026450338459743,0.8204232528874976,0,0,1.1965832899611182,0.823095011405719,PAK1;PAK3
GO_Biological_Process_2021,negative regulation of innate immune response (GO:0045824),1/38,0.5075234615497792,0.8204232528874976,0,0,1.439042303172738,0.9759762470454914,GRN
GO_Biological_Process_2021,lysosome organization (GO:0007040),1/38,0.5075234615497792,0.8204232528874976,0,0,1.439042303172738,0.9759762470454914,GRN
GO_Biological_Process_2021,positive regulation of signaling (GO:0023056),1/38,0.5075234615497792,0.8204232528874976,0,0,1.439042303172738,0.9759762470454914,ILK
GO_Biological_Process_2021,regulation of axon extension (GO:0030516),1/38,0.5075234615497792,0.8204232528874976,0,0,1.439042303172738,0.9759762470454914,MACF1
GO_Biological_Process_2021,ncRNA export from nucleus (GO:0097064),1/38,0.5075234615497792,0.8204232528874976,0,0,1.439042303172738,0.9759762470454914,XPOT
GO_Biological_Process_2021,positive regulation of potassium ion transport (GO:0043268),1/38,0.5075234615497792,0.8204232528874976,0,0,1.439042303172738,0.9759762470454914,FHL1
GO_Biological_Process_2021,connective tissue development (GO:0061448),1/38,0.5075234615497792,0.8204232528874976,0,0,1.439042303172738,0.9759762470454914,NAMPT
GO_Biological_Process_2021,negative regulation of TOR signaling (GO:0032007),1/38,0.5075234615497792,0.8204232528874976,0,0,1.439042303172738,0.9759762470454914,TSC2
GO_Biological_Process_2021,synaptic vesicle endocytosis (GO:0048488),1/38,0.5075234615497792,0.8204232528874976,0,0,1.439042303172738,0.9759762470454914,SYT5
GO_Biological_Process_2021,DNA recombination (GO:0006310),1/39,0.516626928395109,0.8249669952813495,0,0,1.4011012585812357,0.9253352917809864,TSN
GO_Biological_Process_2021,odontogenesis (GO:0042476),1/39,0.516626928395109,0.8249669952813495,0,0,1.4011012585812357,0.9253352917809864,AQP1
GO_Biological_Process_2021,positive regulation of peptidyl-serine phosphorylation (GO:0033138),2/93,0.5142231820165366,0.8249669952813495,0,0,1.170164984878881,0.7782742758626958,PAK1;RIPK2
GO_Biological_Process_2021,organophosphate biosynthetic process (GO:0090407),1/39,0.516626928395109,0.8249669952813495,0,0,1.4011012585812357,0.9253352917809864,NFS1
GO_Biological_Process_2021,replication fork processing (GO:0031297),1/39,0.516626928395109,0.8249669952813495,0,0,1.4011012585812357,0.9253352917809864,TONSL
GO_Biological_Process_2021,regulation of exit from mitosis (GO:0007096),1/39,0.516626928395109,0.8249669952813495,0,0,1.4011012585812357,0.9253352917809864,PHB2
GO_Biological_Process_2021,negative regulation of lymphocyte proliferation (GO:0050672),1/39,0.516626928395109,0.8249669952813495,0,0,1.4011012585812357,0.9253352917809864,GPNMB
GO_Biological_Process_2021,phospholipid dephosphorylation (GO:0046839),1/39,0.516626928395109,0.8249669952813495,0,0,1.4011012585812357,0.9253352917809864,MTMR9
GO_Biological_Process_2021,regulation of peptidyl-threonine phosphorylation (GO:0010799),1/39,0.516626928395109,0.8249669952813495,0,0,1.4011012585812357,0.9253352917809864,RIPK2
GO_Biological_Process_2021,cellular response to ketone (GO:1901655),1/39,0.516626928395109,0.8249669952813495,0,0,1.4011012585812357,0.9253352917809864,AQP1
GO_Biological_Process_2021,negative regulation of I-kappaB kinase/NF-kappaB signaling (GO:0043124),1/40,0.5255625640556755,0.8261541024903963,0,0,1.3651059085841697,0.8781535734431768,GSTP1
GO_Biological_Process_2021,interleukin-1-mediated signaling pathway (GO:0070498),2/94,0.5199452440428152,0.8261541024903963,0,0,1.1573865655727995,0.756967587376055,RIPK2;PSME1
GO_Biological_Process_2021,positive regulation of hydrolase activity (GO:0051345),3/149,0.5206664729531197,0.8261541024903963,0,0,1.0939254435212216,0.7139456376154074,NET1;DOCK8;MTMR9
GO_Biological_Process_2021,positive regulation of ossification (GO:0045778),1/40,0.5255625640556755,0.8261541024903963,0,0,1.3651059085841697,0.8781535734431768,ANO6
GO_Biological_Process_2021,negative regulation of cell-substrate adhesion (GO:0010812),1/40,0.5255625640556755,0.8261541024903963,0,0,1.3651059085841697,0.8781535734431768,TBCD
GO_Biological_Process_2021,negative regulation of protein kinase B signaling (GO:0051898),1/40,0.5255625640556755,0.8261541024903963,0,0,1.3651059085841697,0.8781535734431768,TSC2
GO_Biological_Process_2021,negative regulation of ERBB signaling pathway (GO:1901185),1/40,0.5255625640556755,0.8261541024903963,0,0,1.3651059085841697,0.8781535734431768,EPN1
GO_Biological_Process_2021,response to organonitrogen compound (GO:0010243),1/40,0.5255625640556755,0.8261541024903963,0,0,1.3651059085841697,0.8781535734431768,UBXN6
GO_Biological_Process_2021,positive regulation of intrinsic apoptotic signaling pathway (GO:2001244),1/40,0.5255625640556755,0.8261541024903963,0,0,1.3651059085841697,0.8781535734431768,DNM1L
GO_Biological_Process_2021,autophagy of mitochondrion (GO:0000422),1/40,0.5255625640556755,0.8261541024903963,0,0,1.3651059085841697,0.8781535734431768,PHB2
GO_Biological_Process_2021,positive regulation of catalytic activity (GO:0043085),1/40,0.5255625640556755,0.8261541024903963,0,0,1.3651059085841697,0.8781535734431768,STX4
GO_Biological_Process_2021,negative regulation of MAPK cascade (GO:0043409),2/94,0.5199452440428152,0.8261541024903963,0,0,1.1573865655727995,0.756967587376055,GSTP1;PHB
GO_Biological_Process_2021,regulation of sodium ion transmembrane transporter activity (GO:2000649),1/40,0.5255625640556755,0.8261541024903963,0,0,1.3651059085841697,0.8781535734431768,HECW2
GO_Biological_Process_2021,positive regulation of biomineral tissue development (GO:0070169),1/41,0.534333454366166,0.8329502481260923,0,0,1.3309103260869566,0.8341283341351259,ANO6
GO_Biological_Process_2021,regulation of cell development (GO:0060284),1/41,0.534333454366166,0.8329502481260923,0,0,1.3309103260869566,0.8341283341351259,GRN
GO_Biological_Process_2021,regulation of viral transcription (GO:0046782),1/41,0.534333454366166,0.8329502481260923,0,0,1.3309103260869566,0.8341283341351259,DHX9
GO_Biological_Process_2021,visual system development (GO:0150063),1/41,0.534333454366166,0.8329502481260923,0,0,1.3309103260869566,0.8341283341351259,SMOC1
GO_Biological_Process_2021,negative regulation of protein phosphorylation (GO:0001933),3/152,0.5340981149456603,0.8329502481260923,0,0,1.0717350643635164,0.6721662117624807,GSTP1;TSC2;HSPB1
GO_Biological_Process_2021,regulation of mitochondrial membrane potential (GO:0051881),1/41,0.534333454366166,0.8329502481260923,0,0,1.3309103260869566,0.8341283341351259,HEBP2
GO_Biological_Process_2021,JNK cascade (GO:0007254),1/41,0.534333454366166,0.8329502481260923,0,0,1.3309103260869566,0.8341283341351259,RIPK2
GO_Biological_Process_2021,positive regulation of defense response (GO:0031349),2/98,0.5423797228960298,0.8383955079322455,0,0,1.1089350590372389,0.6784341899875262,GRN;DHX9
GO_Biological_Process_2021,heterophilic cell-cell adhesion via plasma membrane cell adhesion molecules (GO:0007157),1/42,0.5429426287066944,0.8383955079322455,0,0,1.2983828207847297,0.7929894121966694,ICAM1
GO_Biological_Process_2021,positive regulation of ATPase activity (GO:0032781),1/42,0.5429426287066944,0.8383955079322455,0,0,1.2983828207847297,0.7929894121966694,DHX9
GO_Biological_Process_2021,cellular respiration (GO:0045333),1/42,0.5429426287066944,0.8383955079322455,0,0,1.2983828207847297,0.7929894121966694,SDHA
GO_Biological_Process_2021,positive regulation of Wnt signaling pathway (GO:0030177),3/153,0.5385280153781514,0.8383955079322455,0,0,1.0645355191256831,0.6588578086909672,MACF1;PSME1;ILK
GO_Biological_Process_2021,negative regulation of neuron death (GO:1901215),2/98,0.5423797228960298,0.8383955079322455,0,0,1.1089350590372389,0.6784341899875262,GRN;GPNMB
GO_Biological_Process_2021,regulation of peptidyl-serine phosphorylation (GO:0033135),2/98,0.5423797228960298,0.8383955079322455,0,0,1.1089350590372389,0.6784341899875262,PAK1;RIPK2
GO_Biological_Process_2021,regulation of double-strand break repair (GO:2000779),1/42,0.5429426287066944,0.8383955079322455,0,0,1.2983828207847297,0.7929894121966694,OTUB1
GO_Biological_Process_2021,DNA-dependent DNA replication maintenance of fidelity (GO:0045005),1/43,0.5513930606749786,0.8405538401684848,0,0,1.2674042443064182,0.754495081564532,TONSL
GO_Biological_Process_2021,cellular response to retinoic acid (GO:0071300),1/43,0.5513930606749786,0.8405538401684848,0,0,1.2674042443064182,0.754495081564532,AQP1
GO_Biological_Process_2021,glutathione metabolic process (GO:0006749),1/43,0.5513930606749786,0.8405538401684848,0,0,1.2674042443064182,0.754495081564532,GSTP1
GO_Biological_Process_2021,positive regulation of axonogenesis (GO:0050772),1/43,0.5513930606749786,0.8405538401684848,0,0,1.2674042443064182,0.754495081564532,MACF1
GO_Biological_Process_2021,natural killer cell activation (GO:0030101),1/43,0.5513930606749786,0.8405538401684848,0,0,1.2674042443064182,0.754495081564532,PRDX1
GO_Biological_Process_2021,positive regulation of neuron differentiation (GO:0045666),1/43,0.5513930606749786,0.8405538401684848,0,0,1.2674042443064182,0.754495081564532,PCP4
GO_Biological_Process_2021,positive regulation of peptide hormone secretion (GO:0090277),1/43,0.5513930606749786,0.8405538401684848,0,0,1.2674042443064182,0.754495081564532,DOC2B
GO_Biological_Process_2021,spermatid development (GO:0007286),1/43,0.5513930606749786,0.8405538401684848,0,0,1.2674042443064182,0.754495081564532,JAM2
GO_Biological_Process_2021,substantia nigra development (GO:0021762),1/43,0.5513930606749786,0.8405538401684848,0,0,1.2674042443064182,0.754495081564532,PADI2
GO_Biological_Process_2021,response to UV (GO:0009411),2/99,0.5478736543203077,0.8405538401684848,0,0,1.0974465574875698,0.6603452007029227,BRSK1;AQP1
GO_Biological_Process_2021,regulation of cell-substrate adhesion (GO:0010810),1/43,0.5513930606749786,0.8405538401684848,0,0,1.2674042443064182,0.754495081564532,TBCD
GO_Biological_Process_2021,positive regulation of cell migration (GO:0030335),5/269,0.5557261200852769,0.8414294986032976,0,0,1.0076902264402263,0.5919975477586994,GRN;PAK1;CD151;GPNMB;STX4
GO_Biological_Process_2021,epithelial cell differentiation (GO:0030855),2/101,0.558722485326093,0.8414294986032976,0,0,1.075165827209424,0.6258565842588092,BDH2;VDAC1
GO_Biological_Process_2021,antibacterial humoral response (GO:0019731),1/44,0.5596876696024028,0.8414294986032976,0,0,1.237866531850354,0.7184285012543811,TF
GO_Biological_Process_2021,negative regulation of epidermal growth factor receptor signaling pathway (GO:0042059),1/44,0.5596876696024028,0.8414294986032976,0,0,1.237866531850354,0.7184285012543811,EPN1
GO_Biological_Process_2021,branching morphogenesis of an epithelial tube (GO:0048754),1/44,0.5596876696024028,0.8414294986032976,0,0,1.237866531850354,0.7184285012543811,PAK1
GO_Biological_Process_2021,positive regulation of stress fiber assembly (GO:0051496),1/44,0.5596876696024028,0.8414294986032976,0,0,1.237866531850354,0.7184285012543811,PAK1
GO_Biological_Process_2021,positive regulation of potassium ion transmembrane transport (GO:1901381),1/44,0.5596876696024028,0.8414294986032976,0,0,1.237866531850354,0.7184285012543811,ANO6
GO_Biological_Process_2021,cation transmembrane transport (GO:0098655),1/44,0.5596876696024028,0.8414294986032976,0,0,1.237866531850354,0.7184285012543811,SFXN1
GO_Biological_Process_2021,response to amyloid-beta (GO:1904645),1/44,0.5596876696024028,0.8414294986032976,0,0,1.237866531850354,0.7184285012543811,ICAM1
GO_Biological_Process_2021,organonitrogen compound biosynthetic process (GO:1901566),3/158,0.5603111764154682,0.8414294986032976,0,0,1.0299312533051297,0.59660104431825,NFS1;VAPB;GSTP1
GO_Biological_Process_2021,positive regulation of translation (GO:0045727),2/100,0.5533212972128415,0.8414294986032976,0,0,1.0861925151532,0.6428265859098229,DHX9;PYM1
GO_Biological_Process_2021,cell-matrix adhesion (GO:0007160),2/100,0.5533212972128415,0.8414294986032976,0,0,1.0861925151532,0.6428265859098229,CD63;ILK
GO_Biological_Process_2021,mRNA stabilization (GO:0048255),1/44,0.5596876696024028,0.8414294986032976,0,0,1.237866531850354,0.7184285012543811,DHX9
GO_Biological_Process_2021,cellular response to radiation (GO:0071478),1/45,0.5678293210029672,0.8430625592694112,0,0,1.209671442687747,0.6845946780131964,NET1
GO_Biological_Process_2021,zymogen activation (GO:0031638),1/45,0.5678293210029672,0.8430625592694112,0,0,1.209671442687747,0.6845946780131964,RIPK2
GO_Biological_Process_2021,mitotic G2/M transition checkpoint (GO:0044818),1/45,0.5678293210029672,0.8430625592694112,0,0,1.209671442687747,0.6845946780131964,BRSK1
GO_Biological_Process_2021,regulation of cell death (GO:0010941),2/102,0.5640770742382744,0.8430625592694112,0,0,1.064359673024523,0.6094144366759733,RIPK2;PHB
GO_Biological_Process_2021,intrinsic apoptotic signaling pathway (GO:0097193),2/102,0.5640770742382744,0.8430625592694112,0,0,1.064359673024523,0.6094144366759733,CUL2;PDK2
GO_Biological_Process_2021,amino acid transmembrane transport (GO:0003333),1/45,0.5678293210029672,0.8430625592694112,0,0,1.209671442687747,0.6845946780131964,SFXN1
GO_Biological_Process_2021,regulation of DNA repair (GO:0006282),1/45,0.5678293210029672,0.8430625592694112,0,0,1.209671442687747,0.6845946780131964,DHX9
GO_Biological_Process_2021,regulation of insulin receptor signaling pathway (GO:0046626),1/45,0.5678293210029672,0.8430625592694112,0,0,1.209671442687747,0.6845946780131964,TSC2
GO_Biological_Process_2021,protein deacetylation (GO:0006476),1/45,0.5678293210029672,0.8430625592694112,0,0,1.209671442687747,0.6845946780131964,PHB
GO_Biological_Process_2021,negative regulation of T cell activation (GO:0050868),1/45,0.5678293210029672,0.8430625592694112,0,0,1.209671442687747,0.6845946780131964,GPNMB
GO_Biological_Process_2021,interleukin-12-mediated signaling pathway (GO:0035722),1/46,0.5758208281061391,0.8491575991531477,0,0,1.1827294685990335,0.6528178542291806,MTAP
GO_Biological_Process_2021,positive regulation of smooth muscle cell proliferation (GO:0048661),1/46,0.5758208281061391,0.8491575991531477,0,0,1.1827294685990335,0.6528178542291806,PHB
GO_Biological_Process_2021,regulation of insulin secretion (GO:0050796),2/104,0.5746459815320691,0.8491575991531477,0,0,1.043383020783245,0.5780353538479104,PICK1;DOC2B
GO_Biological_Process_2021,"regulation of synaptic transmission, glutamatergic (GO:0051966)",1/46,0.5758208281061391,0.8491575991531477,0,0,1.1827294685990335,0.6528178542291806,ATAD1
GO_Biological_Process_2021,positive regulation of nucleocytoplasmic transport (GO:0046824),1/46,0.5758208281061391,0.8491575991531477,0,0,1.1827294685990335,0.6528178542291806,DHX9
GO_Biological_Process_2021,negative regulation of tumor necrosis factor production (GO:0032720),1/46,0.5758208281061391,0.8491575991531477,0,0,1.1827294685990335,0.6528178542291806,GSTP1
GO_Biological_Process_2021,positive regulation of neuron death (GO:1901216),1/47,0.5836649523352845,0.8559113562769104,0,0,1.1569588846880907,0.6229392579912925,GRN
GO_Biological_Process_2021,regulation of cellular metabolic process (GO:0031323),1/47,0.5836649523352845,0.8559113562769104,0,0,1.1569588846880907,0.6229392579912925,PDK2
GO_Biological_Process_2021,regulation of T cell activation (GO:0050863),1/47,0.5836649523352845,0.8559113562769104,0,0,1.1569588846880907,0.6229392579912925,GPNMB
GO_Biological_Process_2021,histone deacetylation (GO:0016575),1/47,0.5836649523352845,0.8559113562769104,0,0,1.1569588846880907,0.6229392579912925,PHB
GO_Biological_Process_2021,regulation of wound healing (GO:0061041),1/47,0.5836649523352845,0.8559113562769104,0,0,1.1569588846880907,0.6229392579912925,CD109
GO_Biological_Process_2021,protein localization to nucleus (GO:0034504),2/106,0.5850272721306262,0.8569505628639675,0,0,1.0232131628589394,0.5485413164573368,TSC2;PHB2
GO_Biological_Process_2021,substrate adhesion-dependent cell spreading (GO:0034446),1/48,0.5913644044889995,0.8576092193419008,0,0,1.1322849213691026,0.5948151554131711,ILK
GO_Biological_Process_2021,positive regulation of DNA repair (GO:0045739),1/48,0.5913644044889995,0.8576092193419008,0,0,1.1322849213691026,0.5948151554131711,DHX9
GO_Biological_Process_2021,Golgi to plasma membrane transport (GO:0006893),1/48,0.5913644044889995,0.8576092193419008,0,0,1.1322849213691026,0.5948151554131711,MACF1
GO_Biological_Process_2021,cellular response to ionizing radiation (GO:0071479),1/48,0.5913644044889995,0.8576092193419008,0,0,1.1322849213691026,0.5948151554131711,NET1
GO_Biological_Process_2021,response to calcium ion (GO:0051592),2/107,0.5901474113001197,0.8576092193419008,0,0,1.0134163747242766,0.5344584905549635,SYT5;HPCA
GO_Biological_Process_2021,negative regulation of MAP kinase activity (GO:0043407),1/48,0.5913644044889995,0.8576092193419008,0,0,1.1322849213691026,0.5948151554131711,GSTP1
GO_Biological_Process_2021,cellular response to interleukin-12 (GO:0071349),1/48,0.5913644044889995,0.8576092193419008,0,0,1.1322849213691026,0.5948151554131711,MTAP
GO_Biological_Process_2021,positive regulation of blood vessel endothelial cell migration (GO:0043536),1/48,0.5913644044889995,0.8576092193419008,0,0,1.1322849213691026,0.5948151554131711,HSPB1
GO_Biological_Process_2021,negative regulation of tumor necrosis factor superfamily cytokine production (GO:1903556),1/48,0.5913644044889995,0.8576092193419008,0,0,1.1322849213691026,0.5948151554131711,GSTP1
GO_Biological_Process_2021,inner mitochondrial membrane organization (GO:0007007),1/49,0.5989218458310048,0.8590662361974261,0,0,1.1086390398550725,0.5683151607449805,MTX1
GO_Biological_Process_2021,regulation of cellular localization (GO:0060341),1/49,0.5989218458310048,0.8590662361974261,0,0,1.1086390398550725,0.5683151607449805,BRSK1
GO_Biological_Process_2021,negative regulation of cell projection organization (GO:0031345),1/49,0.5989218458310048,0.8590662361974261,0,0,1.1086390398550725,0.5683151607449805,STX1B
GO_Biological_Process_2021,regulation of MAPK cascade (GO:0043408),3/166,0.5938428053816389,0.8590662361974261,0,0,0.9789801870662778,0.510186353449012,PAK1;GSTP1;PAK3
GO_Biological_Process_2021,positive regulation of reactive oxygen species metabolic process (GO:2000379),1/49,0.5989218458310048,0.8590662361974261,0,0,1.1086390398550725,0.5683151607449805,GSTP1
GO_Biological_Process_2021,cellular response to mechanical stimulus (GO:0071260),1/49,0.5989218458310048,0.8590662361974261,0,0,1.1086390398550725,0.5683151607449805,AQP1
GO_Biological_Process_2021,regulation of stress-activated MAPK cascade (GO:0032872),1/49,0.5989218458310048,0.8590662361974261,0,0,1.1086390398550725,0.5683151607449805,GSTP1
GO_Biological_Process_2021,regulation of smooth muscle cell proliferation (GO:0048660),1/49,0.5989218458310048,0.8590662361974261,0,0,1.1086390398550725,0.5683151607449805,PHB
GO_Biological_Process_2021,adherens junction organization (GO:0034332),1/49,0.5989218458310048,0.8590662361974261,0,0,1.1086390398550725,0.5683151607449805,TBCD
GO_Biological_Process_2021,response to unfolded protein (GO:0006986),1/49,0.5989218458310048,0.8590662361974261,0,0,1.1086390398550725,0.5683151607449805,HSPB1
GO_Biological_Process_2021,modulation of chemical synaptic transmission (GO:0050804),2/109,0.6002465344703545,0.8600253625034259,0,0,0.994372151060633,0.5075422798859694,STX1B;CPLX1
GO_Biological_Process_2021,regulation of protein modification process (GO:0031399),1/51,0.6136210970702345,0.8632982745524208,0,0,1.0641847826086956,0.5197240601801801,HSPB1
GO_Biological_Process_2021,positive regulation of actin filament bundle assembly (GO:0032233),1/51,0.6136210970702345,0.8632982745524208,0,0,1.0641847826086956,0.5197240601801801,PAK1
GO_Biological_Process_2021,neuron migration (GO:0001764),1/50,0.6063398885560332,0.8632982745524208,0,0,1.0859582963620231,0.5433207667028247,MARK1
GO_Biological_Process_2021,Fc receptor signaling pathway (GO:0038093),2/112,0.6150424015499322,0.8632982745524208,0,0,0.967104285360416,0.4700746430670172,PAK1;PSME1
GO_Biological_Process_2021,protein-containing complex subunit organization (GO:0043933),2/112,0.6150424015499322,0.8632982745524208,0,0,0.967104285360416,0.4700746430670172,CAPG;DNM1L
GO_Biological_Process_2021,regulation of cellular amine metabolic process (GO:0033238),1/51,0.6136210970702345,0.8632982745524208,0,0,1.0641847826086956,0.5197240601801801,PSME1
GO_Biological_Process_2021,phosphorylation (GO:0016310),7/400,0.6089877545112622,0.8632982745524208,0,0,0.946578943668902,0.469462565816869,BRSK1;PAK1;PICK1;ILK;PAK3;PDK2;MARK1
GO_Biological_Process_2021,iron ion transport (GO:0006826),1/50,0.6063398885560332,0.8632982745524208,0,0,1.0859582963620231,0.5433207667028247,TF
GO_Biological_Process_2021,neuron projection development (GO:0031175),3/171,0.6139415919199367,0.8632982745524208,0,0,0.9495999219359876,0.4632675281228255,PAK1;PAK3;GAS7
GO_Biological_Process_2021,chloride transmembrane transport (GO:1902476),1/50,0.6063398885560332,0.8632982745524208,0,0,1.0859582963620231,0.5433207667028247,ANO6
GO_Biological_Process_2021,positive regulation of cell morphogenesis involved in differentiation (GO:0010770),1/50,0.6063398885560332,0.8632982745524208,0,0,1.0859582963620231,0.5433207667028247,ILK
GO_Biological_Process_2021,regulation of interleukin-12 production (GO:0032655),1/51,0.6136210970702345,0.8632982745524208,0,0,1.0641847826086956,0.5197240601801801,RIPK2
GO_Biological_Process_2021,regulation of Wnt signaling pathway (GO:0030111),2/111,0.6101574556367451,0.8632982745524208,0,0,0.9760267979901508,0.4821945528129534,MACF1;TSC2
GO_Biological_Process_2021,Fc-epsilon receptor signaling pathway (GO:0038095),2/111,0.6101574556367451,0.8632982745524208,0,0,0.9760267979901508,0.4821945528129534,PAK1;PSME1
GO_Biological_Process_2021,regulation of substrate adhesion-dependent cell spreading (GO:1900024),1/51,0.6136210970702345,0.8632982745524208,0,0,1.0641847826086956,0.5197240601801801,ILK
GO_Biological_Process_2021,DNA duplex unwinding (GO:0032508),1/51,0.6136210970702345,0.8632982745524208,0,0,1.0641847826086956,0.5197240601801801,DHX9
GO_Biological_Process_2021,response to endoplasmic reticulum stress (GO:0034976),2/110,0.6052255118995052,0.8632982745524208,0,0,0.9851145423352508,0.4946793492191527,TMX1;UBXN6
GO_Biological_Process_2021,regulation of cytoskeleton organization (GO:0051493),2/112,0.6150424015499322,0.8632982745524208,0,0,0.967104285360416,0.4700746430670172,PAK1;PAK3
GO_Biological_Process_2021,regulation of epithelial cell migration (GO:0010632),1/51,0.6136210970702345,0.8632982745524208,0,0,1.0641847826086956,0.5197240601801801,MACF1
KEGG_2021_Human,Inositol phosphate metabolism,4/73,0.0459647059865991,0.8667630271758696,0,0,3.1069287274171136,9.56897211722517,PLCH1;PLCD3;PLCD4;PLCD1
GO_Biological_Process_2021,regulation of intrinsic apoptotic signaling pathway (GO:2001242),1/52,0.6207679886078132,0.8676192250158243,0,0,1.0432651321398123,0.4974265993023388,DNM1L
GO_Biological_Process_2021,regulation of autophagy (GO:0010506),4/231,0.6194279286333257,0.8676192250158243,0,0,0.9367690543720958,0.448673897045917,MTMR9;HSPB1;VDAC1;DNM1L
GO_Biological_Process_2021,protein homotetramerization (GO:0051289),1/52,0.6207679886078132,0.8676192250158243,0,0,1.0432651321398123,0.4974265993023388,ALDOA
GO_Biological_Process_2021,positive regulation of developmental growth (GO:0048639),1/52,0.6207679886078132,0.8676192250158243,0,0,1.0432651321398123,0.4974265993023388,MACF1
GO_Biological_Process_2021,histone modification (GO:0016570),2/114,0.624671516377626,0.8718469895507479,0,0,0.9497372518489684,0.4468792434292531,PADI2;PHB
GO_Biological_Process_2021,regulation of immune effector process (GO:0002697),1/53,0.6277830344286087,0.8718469895507479,0,0,1.0231500836120402,0.4763384269642158,PHB2
GO_Biological_Process_2021,regulation of DNA replication (GO:0006275),1/53,0.6277830344286087,0.8718469895507479,0,0,1.0231500836120402,0.4763384269642158,DHX9
GO_Biological_Process_2021,negative regulation of cysteine-type endopeptidase activity (GO:2000117),1/53,0.6277830344286087,0.8718469895507479,0,0,1.0231500836120402,0.4763384269642158,AQP1
GO_Biological_Process_2021,bicellular tight junction assembly (GO:0070830),1/53,0.6277830344286087,0.8718469895507479,0,0,1.0231500836120402,0.4763384269642158,TBCD
GO_Biological_Process_2021,IRE1-mediated unfolded protein response (GO:0036498),1/53,0.6277830344286087,0.8718469895507479,0,0,1.0231500836120402,0.4763384269642158,VAPB
GO_Biological_Process_2021,tumor necrosis factor-mediated signaling pathway (GO:0033209),2/116,0.6341134271273593,0.8730856387046289,0,0,0.9329795879344136,0.4249977971118949,PSME1;ILK
GO_Biological_Process_2021,regulation of focal adhesion assembly (GO:0051893),1/54,0.63466866032457,0.8730856387046289,0,0,1.0037940935192782,0.4563772040435828,MACF1
GO_Biological_Process_2021,regulation of humoral immune response (GO:0002920),1/54,0.63466866032457,0.8730856387046289,0,0,1.0037940935192782,0.4563772040435828,PHB2
GO_Biological_Process_2021,regulation of proteasomal protein catabolic process (GO:0061136),1/54,0.63466866032457,0.8730856387046289,0,0,1.0037940935192782,0.4563772040435828,PSME1
GO_Biological_Process_2021,positive regulation of leukocyte chemotaxis (GO:0002690),1/54,0.63466866032457,0.8730856387046289,0,0,1.0037940935192782,0.4563772040435828,ANO6
GO_Biological_Process_2021,inorganic anion transport (GO:0015698),1/54,0.63466866032457,0.8730856387046289,0,0,1.0037940935192782,0.4563772040435828,ANO6
GO_Biological_Process_2021,striated muscle contraction (GO:0006941),1/54,0.63466866032457,0.8730856387046289,0,0,1.0037940935192782,0.4563772040435828,ALDOA
GO_Biological_Process_2021,regulation of cellular amino acid metabolic process (GO:0006521),1/54,0.63466866032457,0.8730856387046289,0,0,1.0037940935192782,0.4563772040435828,PSME1
GO_Biological_Process_2021,unsaturated fatty acid metabolic process (GO:0033559),1/54,0.63466866032457,0.8730856387046289,0,0,1.0037940935192782,0.4563772040435828,GSTP1
GO_Biological_Process_2021,regulation of blood vessel endothelial cell migration (GO:0043535),1/55,0.6414272475962141,0.8796141439316283,0,0,0.9851549919484702,0.4374674441655692,HSPB1
GO_Biological_Process_2021,positive regulation of response to DNA damage stimulus (GO:2001022),1/55,0.6414272475962141,0.8796141439316283,0,0,0.9851549919484702,0.4374674441655692,DHX9
GO_Biological_Process_2021,negative regulation of cysteine-type endopeptidase activity involved in apoptotic process (GO:0043154),1/55,0.6414272475962141,0.8796141439316283,0,0,0.9851549919484702,0.4374674441655692,AQP1
GO_Biological_Process_2021,tight junction assembly (GO:0120192),1/56,0.6480611336646864,0.8859313307970844,0,0,0.967193675889328,0.4195398377574741,TBCD
GO_Biological_Process_2021,negative regulation of metabolic process (GO:0009892),1/56,0.6480611336646864,0.8859313307970844,0,0,0.967193675889328,0.4195398377574741,GSTP1
GO_Biological_Process_2021,sensory organ development (GO:0007423),1/56,0.6480611336646864,0.8859313307970844,0,0,0.967193675889328,0.4195398377574741,SMOC1
GO_Biological_Process_2021,positive regulation of protein binding (GO:0032092),1/58,0.6609639392608307,0.8874070159351063,0,0,0.9331617086193744,0.3863812001720439,RIPK2
GO_Biological_Process_2021,dicarboxylic acid metabolic process (GO:0043648),1/57,0.6545726133725754,0.8874070159351063,0,0,0.9498738354037268,0.4025306521168366,SDHA
GO_Biological_Process_2021,regulation of bone mineralization (GO:0030500),1/57,0.6545726133725754,0.8874070159351063,0,0,0.9498738354037268,0.4025306521168366,ANO6
GO_Biological_Process_2021,eye development (GO:0001654),1/58,0.6609639392608307,0.8874070159351063,0,0,0.9331617086193744,0.3863812001720439,SMOC1
GO_Biological_Process_2021,regulation of phagocytosis (GO:0050764),1/58,0.6609639392608307,0.8874070159351063,0,0,0.9331617086193744,0.3863812001720439,LMAN2
GO_Biological_Process_2021,icosanoid metabolic process (GO:0006690),1/57,0.6545726133725754,0.8874070159351063,0,0,0.9498738354037268,0.4025306521168366,PON2
GO_Biological_Process_2021,"positive regulation of gene expression, epigenetic (GO:0045815)",1/57,0.6545726133725754,0.8874070159351063,0,0,0.9498738354037268,0.4025306521168366,PADI2
GO_Biological_Process_2021,positive regulation of mitotic cell cycle phase transition (GO:1901992),1/58,0.6609639392608307,0.8874070159351063,0,0,0.9331617086193744,0.3863812001720439,PHB2
GO_Biological_Process_2021,regulation of tumor necrosis factor-mediated signaling pathway (GO:0010803),1/58,0.6609639392608307,0.8874070159351063,0,0,0.9331617086193744,0.3863812001720439,GSTP1
GO_Biological_Process_2021,mitochondrial respiratory chain complex I assembly (GO:0032981),1/58,0.6609639392608307,0.8874070159351063,0,0,0.9331617086193744,0.3863812001720439,ACAD9
GO_Biological_Process_2021,muscle organ development (GO:0007517),1/58,0.6609639392608307,0.8874070159351063,0,0,0.9331617086193744,0.3863812001720439,FHL1
GO_Biological_Process_2021,negative regulation of neuron projection development (GO:0010977),1/58,0.6609639392608307,0.8874070159351063,0,0,0.9331617086193744,0.3863812001720439,STX1B
GO_Biological_Process_2021,autophagosome assembly (GO:0000045),1/58,0.6609639392608307,0.8874070159351063,0,0,0.9331617086193744,0.3863812001720439,STX17
GO_Biological_Process_2021,NADH dehydrogenase complex assembly (GO:0010257),1/58,0.6609639392608307,0.8874070159351063,0,0,0.9331617086193744,0.3863812001720439,ACAD9
GO_Biological_Process_2021,membrane lipid biosynthetic process (GO:0046467),1/58,0.6609639392608307,0.8874070159351063,0,0,0.9331617086193744,0.3863812001720439,VAPB
GO_Biological_Process_2021,epithelium development (GO:0060429),2/122,0.6613246793048045,0.8874070159351063,0,0,0.8860581289736603,0.3663942208721787,BDH2;VDAC1
GO_Biological_Process_2021,extracellular matrix organization (GO:0030198),5/300,0.6518991807149038,0.8874070159351063,0,0,0.9003538834047309,0.3852302382859783,CD151;SMOC1;CAPG;JAM2;ICAM1
GO_Biological_Process_2021,regulation of mRNA catabolic process (GO:0061013),2/122,0.6613246793048045,0.8874070159351063,0,0,0.8860581289736603,0.3663942208721787,PSME1;HSPB1
GO_Biological_Process_2021,positive regulation of apoptotic signaling pathway (GO:2001235),1/59,0.667237322533468,0.8907822096144363,0,0,0.9170258620689656,0.3710373667841007,DNM1L
GO_Biological_Process_2021,negative regulation of autophagy (GO:0010507),1/59,0.667237322533468,0.8907822096144363,0,0,0.9170258620689656,0.3710373667841007,MTMR9
GO_Biological_Process_2021,mitotic DNA damage checkpoint signaling (GO:0044773),1/59,0.667237322533468,0.8907822096144363,0,0,0.9170258620689656,0.3710373667841007,BRSK1
GO_Biological_Process_2021,endoplasmic reticulum to Golgi vesicle-mediated transport (GO:0006888),3/185,0.666585062743918,0.8907822096144363,0,0,0.8759232570707981,0.3552635428459746,STX17;VAPB;LMAN2
GO_Biological_Process_2021,selective autophagy (GO:0061912),1/59,0.667237322533468,0.8907822096144363,0,0,0.9170258620689656,0.3710373667841007,PHB2
GO_Biological_Process_2021,regulation of phosphorylation (GO:0042325),2/125,0.6743106264108756,0.8956648745943848,0,0,0.8643140382357503,0.3405953965121538,HSPB1;ILK
GO_Biological_Process_2021,regulation of protein secretion (GO:0050708),2/125,0.6743106264108756,0.8956648745943848,0,0,0.8643140382357503,0.3405953965121538,PICK1;DNM1L
GO_Biological_Process_2021,apical junction assembly (GO:0043297),1/60,0.6733949339483988,0.8956648745943848,0,0,0.9014369933677228,0.356449186492752,TBCD
GO_Biological_Process_2021,cellular response to chemokine (GO:1990869),1/60,0.6733949339483988,0.8956648745943848,0,0,0.9014369933677228,0.356449186492752,DOCK8
GO_Biological_Process_2021,protein targeting (GO:0006605),2/125,0.6743106264108756,0.8956648745943848,0,0,0.8643140382357503,0.3405953965121538,MFF;GDAP1
GO_Biological_Process_2021,negative regulation of growth (GO:0045926),2/126,0.6785486426426232,0.8985628994994737,0,0,0.8572998154170696,0.3324601061386599,FHL1;PHB
GO_Biological_Process_2021,negative regulation of cell growth (GO:0030308),2/126,0.6785486426426232,0.8985628994994737,0,0,0.8572998154170696,0.3324601061386599,FHL1;PHB
GO_Biological_Process_2021,phosphatidylinositol biosynthetic process (GO:0006661),2/126,0.6785486426426232,0.8985628994994737,0,0,0.8572998154170696,0.3324601061386599,ARF3;MTMR9
GO_Biological_Process_2021,response to light stimulus (GO:0009416),1/61,0.6794389041540653,0.8988339085226837,0,0,0.8863677536231884,0.3425704670154498,BRSK1
GO_Biological_Process_2021,stress-activated MAPK cascade (GO:0051403),1/62,0.6853713249649692,0.9039454799085256,0,0,0.8717925873129009,0.3293584510365662,RIPK2
GO_Biological_Process_2021,positive regulation of cysteine-type endopeptidase activity (GO:2001056),1/62,0.6853713249649692,0.9039454799085256,0,0,0.8717925873129009,0.3293584510365662,RIPK2
GO_Biological_Process_2021,response to retinoic acid (GO:0032526),1/62,0.6853713249649692,0.9039454799085256,0,0,0.8717925873129009,0.3293584510365662,AQP1
GO_Biological_Process_2021,positive regulation of Ras protein signal transduction (GO:0046579),1/63,0.6911942496623149,0.9061556613072947,0,0,0.857687587657784,0.3167735141770664,NET1
GO_Biological_Process_2021,positive regulation of DNA metabolic process (GO:0051054),1/63,0.6911942496623149,0.9061556613072947,0,0,0.857687587657784,0.3167735141770664,DHX9
GO_Biological_Process_2021,cellular response to insulin stimulus (GO:0032869),2/129,0.6909936516678009,0.9061556613072947,0,0,0.8369199081722414,0.3093462217951752,NAMPT;PDK2
GO_Biological_Process_2021,organonitrogen compound catabolic process (GO:1901565),1/63,0.6911942496623149,0.9061556613072947,0,0,0.857687587657784,0.3167735141770664,NAGK
GO_Biological_Process_2021,cell cycle G1/S phase transition (GO:0044843),1/63,0.6911942496623149,0.9061556613072947,0,0,0.857687587657784,0.3167735141770664,CUL2
GO_Biological_Process_2021,actin cytoskeleton reorganization (GO:0031532),1/63,0.6911942496623149,0.9061556613072947,0,0,0.857687587657784,0.3167735141770664,PAK1
GO_Biological_Process_2021,positive regulation of canonical Wnt signaling pathway (GO:0090263),2/130,0.6950530400624895,0.9063503077366234,0,0,0.8303388964577657,0.3020499887332032,PSME1;ILK
GO_Biological_Process_2021,regulation of innate immune response (GO:0045088),1/64,0.6969096937469815,0.9063503077366234,0,0,0.8440303657694962,0.3047788931177072,DHX9
GO_Biological_Process_2021,regulation of cilium assembly (GO:1902017),1/64,0.6969096937469815,0.9063503077366234,0,0,0.8440303657694962,0.3047788931177072,CROCC
GO_Biological_Process_2021,negative regulation of intrinsic apoptotic signaling pathway (GO:2001243),1/64,0.6969096937469815,0.9063503077366234,0,0,0.8440303657694962,0.3047788931177072,HSPB1
GO_Biological_Process_2021,regulation of primary metabolic process (GO:0080090),2/130,0.6950530400624895,0.9063503077366234,0,0,0.8303388964577657,0.3020499887332032,OPA3;PSME1
GO_Biological_Process_2021,G2/M transition of mitotic cell cycle (GO:0000086),2/130,0.6950530400624895,0.9063503077366234,0,0,0.8303388964577657,0.3020499887332032,BRSK1;PPME1
GO_Biological_Process_2021,pre-replicative complex assembly (GO:0036388),1/64,0.6969096937469815,0.9063503077366234,0,0,0.8440303657694962,0.3047788931177072,PSME1
GO_Biological_Process_2021,cellular response to tumor necrosis factor (GO:0071356),3/194,0.6975648058781487,0.9063503077366234,0,0,0.8342631533773925,0.3004680988128008,DHX9;PSME1;ILK
GO_Biological_Process_2021,Golgi organization (GO:0007030),2/130,0.6950530400624895,0.9063503077366234,0,0,0.8303388964577657,0.3020499887332032,STX17;LMAN2
GO_Biological_Process_2021,cell cycle G2/M phase transition (GO:0044839),2/131,0.6990683381599652,0.9065070141718244,0,0,0.8238599159326616,0.2949474323120418,BRSK1;PPME1
GO_Biological_Process_2021,protein phosphorylation (GO:0006468),8/496,0.6988308455644876,0.9065070141718244,0,0,0.8693065710004086,0.3115130201156788,BRSK1;PAK1;PRDX4;PICK1;ILK;PAK3;PDK2;MARK1
GO_Biological_Process_2021,chemical homeostasis (GO:0048878),1/65,0.7025196359893287,0.9073923574206992,0,0,0.8307999320652174,0.2933404406149915,VGF
GO_Biological_Process_2021,regulation of cell-matrix adhesion (GO:0001952),1/65,0.7025196359893287,0.9073923574206992,0,0,0.8307999320652174,0.2933404406149915,MACF1
GO_Biological_Process_2021,regulation of cellular catabolic process (GO:0031329),1/65,0.7025196359893287,0.9073923574206992,0,0,0.8307999320652174,0.2933404406149915,HSPB1
GO_Biological_Process_2021,inorganic anion transmembrane transport (GO:0098661),1/65,0.7025196359893287,0.9073923574206992,0,0,0.8307999320652174,0.2933404406149915,ANO6
GO_Biological_Process_2021,vascular endothelial growth factor receptor signaling pathway (GO:0048010),1/67,0.7134307479357932,0.9089482123846694,0,0,0.8055418313570487,0.2720072348208727,HSPB1
GO_Biological_Process_2021,negative regulation of programmed cell death (GO:0043069),6/381,0.7078954321757037,0.9089482123846694,0,0,0.8487493112947658,0.2932079957009931,RIPK2;GSTP1;HSPB1;VDAC1;PHB2;AQP1
GO_Biological_Process_2021,anion transmembrane transport (GO:0098656),1/67,0.7134307479357932,0.9089482123846694,0,0,0.8055418313570487,0.2720072348208727,SFXN1
GO_Biological_Process_2021,regulation of gene silencing by miRNA (GO:0060964),1/67,0.7134307479357932,0.9089482123846694,0,0,0.8055418313570487,0.2720072348208727,DHX9
GO_Biological_Process_2021,regulation of viral genome replication (GO:0045069),1/67,0.7134307479357932,0.9089482123846694,0,0,0.8055418313570487,0.2720072348208727,VAPB
GO_Biological_Process_2021,regulation of epidermal growth factor receptor signaling pathway (GO:0042058),1/67,0.7134307479357932,0.9089482123846694,0,0,0.8055418313570487,0.2720072348208727,EPN1
GO_Biological_Process_2021,defense response to virus (GO:0051607),2/133,0.7069676300420281,0.9089482123846694,0,0,0.8111987020820767,0.2812996976552777,PHB;PHB2
GO_Biological_Process_2021,protein N-linked glycosylation (GO:0006487),1/67,0.7134307479357932,0.9089482123846694,0,0,0.8055418313570487,0.2720072348208727,ALG9
GO_Biological_Process_2021,positive regulation of catabolic process (GO:0009896),1/67,0.7134307479357932,0.9089482123846694,0,0,0.8055418313570487,0.2720072348208727,HECW2
GO_Biological_Process_2021,extracellular matrix disassembly (GO:0022617),1/66,0.7080260184455373,0.9089482123846694,0,0,0.8179765886287625,0.2824264059108589,CAPG
GO_Biological_Process_2021,cell-cell junction assembly (GO:0007043),1/66,0.7080260184455373,0.9089482123846694,0,0,0.8179765886287625,0.2824264059108589,TBCD
GO_Biological_Process_2021,cellular component disassembly (GO:0022411),1/66,0.7080260184455373,0.9089482123846694,0,0,0.8179765886287625,0.2824264059108589,CAPG
GO_Biological_Process_2021,cellular response to nutrient levels (GO:0031669),1/66,0.7080260184455373,0.9089482123846694,0,0,0.8179765886287625,0.2824264059108589,PDK2
GO_Biological_Process_2021,regulation of signal transduction (GO:0009966),3/198,0.7106170733529994,0.9089482123846694,0,0,0.8169819251786465,0.2790986471339903,CD63;TSC2;ILK
GO_Biological_Process_2021,negative regulation of transforming growth factor beta receptor signaling pathway (GO:0030512),1/68,0.7187356959510461,0.9121611785012792,0,0,0.7934782608695652,0.2620553907592403,CD109
GO_Biological_Process_2021,regulation of translational initiation (GO:0006446),1/68,0.7187356959510461,0.9121611785012792,0,0,0.7934782608695652,0.2620553907592403,HSPB1
GO_Biological_Process_2021,protein localization to plasma membrane (GO:0072659),2/136,0.7184920868200704,0.9121611785012792,0,0,0.7929155313351499,0.2621383400977412,DPP10;DPP6
GO_Biological_Process_2021,interferon-gamma-mediated signaling pathway (GO:0060333),1/68,0.7187356959510461,0.9121611785012792,0,0,0.7934782608695652,0.2620553907592403,ICAM1
GO_Biological_Process_2021,cellular response to light stimulus (GO:0071482),1/70,0.729053562784672,0.912195111687958,0,0,0.7704001260239446,0.2434526610705174,AQP1
GO_Biological_Process_2021,protein localization to cell periphery (GO:1990778),2/140,0.7332634683950083,0.912195111687958,0,0,0.7697745132883149,0.2388226991757283,DPP10;DPP6
GO_Biological_Process_2021,COPII-coated vesicle budding (GO:0090114),1/70,0.729053562784672,0.912195111687958,0,0,0.7704001260239446,0.2434526610705174,VAPB
GO_Biological_Process_2021,Fc-gamma receptor signaling pathway involved in phagocytosis (GO:0038096),1/71,0.7340700555536198,0.912195111687958,0,0,0.7593555900621118,0.2347553968001131,PAK1
GO_Biological_Process_2021,negative regulation of neuron apoptotic process (GO:0043524),1/71,0.7340700555536198,0.912195111687958,0,0,0.7593555900621118,0.2347553968001131,GRN
GO_Biological_Process_2021,regulation of endopeptidase activity (GO:0052548),1/71,0.7340700555536198,0.912195111687958,0,0,0.7593555900621118,0.2347553968001131,PSME1
GO_Biological_Process_2021,snRNA transcription (GO:0009301),1/71,0.7340700555536198,0.912195111687958,0,0,0.7593555900621118,0.2347553968001131,SRRT
GO_Biological_Process_2021,regulation of protein phosphorylation (GO:0001932),4/266,0.726212640631268,0.912195111687958,0,0,0.8101641744222524,0.2591815764603833,PAK1;GPNMB;HSPB1;ILK
GO_Biological_Process_2021,protein-containing complex assembly (GO:0065003),4/267,0.7289065829026137,0.912195111687958,0,0,0.8070420334392416,0.2551945187575672,DHX9;ANO6;CAPG;DNM1L
GO_Biological_Process_2021,positive regulation of protein polymerization (GO:0032273),1/69,0.7239426997456787,0.912195111687958,0,0,0.7817695012787724,0.2525451913676766,PAK1
GO_Biological_Process_2021,positive regulation of MAP kinase activity (GO:0043406),1/69,0.7239426997456787,0.912195111687958,0,0,0.7817695012787724,0.2525451913676766,PAK1
GO_Biological_Process_2021,negative regulation of cellular catabolic process (GO:0031330),1/69,0.7239426997456787,0.912195111687958,0,0,0.7817695012787724,0.2525451913676766,MTMR9
GO_Biological_Process_2021,regulation of TOR signaling (GO:0032006),1/71,0.7340700555536198,0.912195111687958,0,0,0.7593555900621118,0.2347553968001131,TSC2
GO_Biological_Process_2021,regulation of hematopoietic stem cell differentiation (GO:1902036),1/71,0.7340700555536198,0.912195111687958,0,0,0.7593555900621118,0.2347553968001131,PSME1
GO_Biological_Process_2021,positive regulation of protein transport (GO:0051222),1/69,0.7239426997456787,0.912195111687958,0,0,0.7817695012787724,0.2525451913676766,DNM1L
GO_Biological_Process_2021,establishment of protein localization to membrane (GO:0090150),1/70,0.729053562784672,0.912195111687958,0,0,0.7704001260239446,0.2434526610705174,REEP1
GO_Biological_Process_2021,snRNA transcription by RNA polymerase II (GO:0042795),1/70,0.729053562784672,0.912195111687958,0,0,0.7704001260239446,0.2434526610705174,SRRT
GO_Biological_Process_2021,regulation of cellular component organization (GO:0051128),2/139,0.7296335018610188,0.912195111687958,0,0,0.7754330833946578,0.2444265289281623,NET1;TSC2
GO_Biological_Process_2021,proteasomal protein catabolic process (GO:0010498),3/205,0.7324110701192068,0.912195111687958,0,0,0.7883866255478007,0.2455141212937496,HECW2;PSME1;UBXN6
GO_Biological_Process_2021,protein tetramerization (GO:0051262),1/71,0.7340700555536198,0.912195111687958,0,0,0.7593555900621118,0.2347553968001131,ALDOA
GO_Biological_Process_2021,positive regulation of cell-substrate adhesion (GO:0010811),1/70,0.729053562784672,0.912195111687958,0,0,0.7704001260239446,0.2434526610705174,ILK
GO_Biological_Process_2021,sterol metabolic process (GO:0016125),1/70,0.729053562784672,0.912195111687958,0,0,0.7704001260239446,0.2434526610705174,FDX2
GO_Biological_Process_2021,"antigen processing and presentation of exogenous peptide antigen via MHC class I, TAP-dependent (GO:0002479)",1/73,0.743826849577003,0.9161916118686384,0,0,0.7381868961352657,0.2184641975703933,PSME1
GO_Biological_Process_2021,Fc-gamma receptor signaling pathway (GO:0038094),1/72,0.7389939158014603,0.9161916118686384,0,0,0.7486221677893448,0.2264324464785718,PAK1
GO_Biological_Process_2021,negative regulation of supramolecular fiber organization (GO:1902904),1/72,0.7389939158014603,0.9161916118686384,0,0,0.7486221677893448,0.2264324464785718,TBCD
GO_Biological_Process_2021,regulation of Rho protein signal transduction (GO:0035023),1/73,0.743826849577003,0.9161916118686384,0,0,0.7381868961352657,0.2184641975703933,NET1
GO_Biological_Process_2021,negative regulation of cell adhesion (GO:0007162),1/73,0.743826849577003,0.9161916118686384,0,0,0.7381868961352657,0.2184641975703933,TBCD
GO_Biological_Process_2021,nitrogen compound transport (GO:0071705),2/143,0.7439058435442865,0.9161916118686384,0,0,0.7532803834038688,0.222851076172204,PICK1;AQP1
GO_Biological_Process_2021,chromatin organization (GO:0006325),2/142,0.7403993486146603,0.9161916118686384,0,0,0.7586998832230439,0.228039068973537,PAK1;PADI2
GO_Biological_Process_2021,protein localization to organelle (GO:0033365),2/142,0.7403993486146603,0.9161916118686384,0,0,0.7586998832230439,0.228039068973537,DHX9;CROCC
GO_Biological_Process_2021,mitotic cell cycle phase transition (GO:0044772),3/209,0.7442746503738368,0.9161916118686384,0,0,0.7729189877447079,0.2282778809749981,BRSK1;PPME1;CUL2
GO_Biological_Process_2021,defense response to Gram-negative bacterium (GO:0050829),1/73,0.743826849577003,0.9161916118686384,0,0,0.7381868961352657,0.2184641975703933,AQP1
GO_Biological_Process_2021,sphingolipid biosynthetic process (GO:0030148),1/74,0.7485705313976982,0.9163174291898996,0,0,0.7280375223347231,0.2108322763322326,VAPB
GO_Biological_Process_2021,positive regulation of MAPK cascade (GO:0043410),4/274,0.7472121054670872,0.9163174291898996,0,0,0.7858346017250127,0.2289970681168475,GPNMB;PHB;PHB2;ICAM1
GO_Biological_Process_2021,Fc receptor mediated stimulatory signaling pathway (GO:0002431),1/74,0.7485705313976982,0.9163174291898996,0,0,0.7280375223347231,0.2108322763322326,PAK1
GO_Biological_Process_2021,regulation of stress fiber assembly (GO:0051492),1/74,0.7485705313976982,0.9163174291898996,0,0,0.7280375223347231,0.2108322763322326,PAK1
GO_Biological_Process_2021,NIK/NF-kappaB signaling (GO:0038061),1/74,0.7485705313976982,0.9163174291898996,0,0,0.7280375223347231,0.2108322763322326,PSME1
GO_Biological_Process_2021,regulation of peptide hormone secretion (GO:0090276),1/74,0.7485705313976982,0.9163174291898996,0,0,0.7280375223347231,0.2108322763322326,PICK1
GO_Biological_Process_2021,integrin-mediated signaling pathway (GO:0007229),1/75,0.753226605180287,0.9194414147033112,0,0,0.718162455934195,0.2035194551021046,ILK
GO_Biological_Process_2021,positive regulation of T cell activation (GO:0050870),1/75,0.753226605180287,0.9194414147033112,0,0,0.718162455934195,0.2035194551021046,DOCK8
GO_Biological_Process_2021,regulation of hematopoietic progenitor cell differentiation (GO:1901532),1/75,0.753226605180287,0.9194414147033112,0,0,0.718162455934195,0.2035194551021046,PSME1
GO_Biological_Process_2021,regulation of mRNA stability (GO:0043488),2/146,0.7541831032228823,0.9197526030932082,0,0,0.7374735089312746,0.2080560986010143,PSME1;HSPB1
GO_Biological_Process_2021,chloride transport (GO:0006821),1/76,0.7577966845537744,0.9207335064411476,0,0,0.7085507246376812,0.1965095681515006,ANO6
GO_Biological_Process_2021,positive regulation of interleukin-6 production (GO:0032755),1/76,0.7577966845537744,0.9207335064411476,0,0,0.7085507246376812,0.1965095681515006,DHX9
GO_Biological_Process_2021,phospholipid metabolic process (GO:0006644),1/76,0.7577966845537744,0.9207335064411476,0,0,0.7085507246376812,0.1965095681515006,PLCD1
GO_Biological_Process_2021,regulation of T cell proliferation (GO:0042129),1/76,0.7577966845537744,0.9207335064411476,0,0,0.7085507246376812,0.1965095681515006,GPNMB
GO_Biological_Process_2021,positive regulation of protein modification process (GO:0031401),3/214,0.7585117887707432,0.920749032480041,0,0,0.754409136819206,0.2085163754903242,PAK1;GPNMB;ILK
GO_Biological_Process_2021,external encapsulating structure organization (GO:0045229),3/217,0.7667433052989661,0.9224243393515116,0,0,0.7437184004902712,0.1975339924949567,SMOC1;JAM2;ICAM1
GO_Biological_Process_2021,regulation of cell growth (GO:0001558),3/217,0.7667433052989661,0.9224243393515116,0,0,0.7437184004902712,0.1975339924949567,NET1;FHL1;PHB
GO_Biological_Process_2021,negative regulation of protein serine/threonine kinase activity (GO:0071901),1/78,0.7666851671004221,0.9224243393515116,0,0,0.6900762281197064,0.1833387863795713,GSTP1
GO_Biological_Process_2021,regulation of G2/M transition of mitotic cell cycle (GO:0010389),2/149,0.764103380538903,0.9224243393515116,0,0,0.7223118130085822,0.1943395709116658,FHL1;PSME1
GO_Biological_Process_2021,extracellular structure organization (GO:0043062),3/216,0.7640250969793149,0.9224243393515116,0,0,0.7472485184330024,0.201125406646213,SMOC1;JAM2;ICAM1
GO_Biological_Process_2021,negative regulation of developmental process (GO:0051093),1/77,0.7622823535694169,0.9224243393515116,0,0,0.6991919336384439,0.189787434312829,VAT1
GO_Biological_Process_2021,negative regulation of apoptotic signaling pathway (GO:2001234),1/78,0.7666851671004221,0.9224243393515116,0,0,0.6900762281197064,0.1833387863795713,GSTP1
GO_Biological_Process_2021,regulation of cell migration (GO:0030334),6/408,0.766927940421928,0.9224243393515116,0,0,0.790633608815427,0.2098044572045473,MACF1;GRN;PAK1;CD151;GPNMB;STX4
GO_Biological_Process_2021,antigen processing and presentation of exogenous peptide antigen via MHC class I (GO:0042590),1/78,0.7666851671004221,0.9224243393515116,0,0,0.6900762281197064,0.1833387863795713,PSME1
GO_Biological_Process_2021,positive regulation of protein modification by small protein conjugation or removal (GO:1903322),1/77,0.7622823535694169,0.9224243393515116,0,0,0.6991919336384439,0.189787434312829,RIPK2
GO_Biological_Process_2021,regulation of neuron differentiation (GO:0045664),1/79,0.7710066515285886,0.9256316118626188,0,0,0.6811942586399108,0.17715020609743,PCP4
GO_Biological_Process_2021,recombinational repair (GO:0000725),1/79,0.7710066515285886,0.9256316118626188,0,0,0.6811942586399108,0.17715020609743,TONSL
GO_Biological_Process_2021,actin filament organization (GO:0007015),2/152,0.7736750048267872,0.9279852985616815,0,0,0.7077565849227975,0.1816127347223016,CAPG;ALDOA
GO_Biological_Process_2021,positive regulation of cell adhesion (GO:0045785),1/80,0.7752483051824567,0.928173998259544,0,0,0.6725371491469455,0.1712090646943565,STX4
GO_Biological_Process_2021,positive regulation of cell population proliferation (GO:0008284),7/474,0.7747956101371577,0.928173998259544,0,0,0.7935215966495912,0.2024718070420889,GRN;PAK1;DHX9;NAMPT;STX4;PHB;AQP1
GO_Biological_Process_2021,positive regulation of protein kinase activity (GO:0045860),2/154,0.7798665742176656,0.9320009834087144,0,0,0.6983722931306467,0.1736380021196758,PAK1;PAK3
GO_Biological_Process_2021,positive regulation of cellular amide metabolic process (GO:0034250),1/81,0.7794115987751249,0.9320009834087144,0,0,0.6640964673913043,0.1655034682166502,PYM1
GO_Biological_Process_2021,regulation of G protein-coupled receptor signaling pathway (GO:0008277),1/82,0.7834979760381987,0.9329390068901712,0,0,0.6558641975308642,0.1600222070661093,PHB
GO_Biological_Process_2021,cellular response to interleukin-1 (GO:0071347),2/155,0.7829064560303216,0.9329390068901712,0,0,0.6937721500952788,0.1697952243521773,RIPK2;PSME1
GO_Biological_Process_2021,positive regulation of protein ubiquitination (GO:0031398),1/82,0.7834979760381987,0.9329390068901712,0,0,0.6558641975308642,0.1600222070661093,RIPK2
GO_Biological_Process_2021,positive regulation of NF-kappaB transcription factor activity (GO:0051092),2/155,0.7829064560303216,0.9329390068901712,0,0,0.6937721500952788,0.1697952243521773,DHX9;RIPK2
GO_Biological_Process_2021,positive regulation of plasma membrane bounded cell projection assembly (GO:0120034),1/83,0.7875088543509637,0.9334756854015492,0,0,0.6478327147401909,0.1547547095279237,CROCC
GO_Biological_Process_2021,regulation of osteoblast differentiation (GO:0045667),1/83,0.7875088543509637,0.9334756854015492,0,0,0.6478327147401909,0.1547547095279237,SMOC1
GO_Biological_Process_2021,peptidyl-serine phosphorylation (GO:0018105),2/156,0.7859094946515849,0.9334756854015492,0,0,0.6892317491772533,0.1660453294541174,BRSK1;MARK1
GO_Biological_Process_2021,regulation of I-kappaB kinase/NF-kappaB signaling (GO:0043122),3/224,0.7850645652030583,0.9334756854015492,0,0,0.7199020844151027,0.17420861293386,RIPK2;GSTP1;HSPB1
GO_Biological_Process_2021,regulation of defense response (GO:0031347),1/83,0.7875088543509637,0.9334756854015492,0,0,0.6478327147401909,0.1547547095279237,GRN
GO_Biological_Process_2021,anaphase-promoting complex-dependent catabolic process (GO:0031145),1/84,0.7914456247212517,0.936875533396441,0,0,0.6399947616553169,0.149690999451864,PSME1
GO_Biological_Process_2021,cellular response to starvation (GO:0009267),2/158,0.7918063241824994,0.936875533396441,0,0,0.6803255781457417,0.1588141533874347,BRSK1;PICK1
GO_Biological_Process_2021,"Wnt signaling pathway, planar cell polarity pathway (GO:0060071)",1/85,0.7953096529400417,0.9376357509032328,0,0,0.6323434265010351,0.144821656255032,PSME1
GO_Biological_Process_2021,G1/S transition of mitotic cell cycle (GO:0000082),1/85,0.7953096529400417,0.9376357509032328,0,0,0.6323434265010351,0.144821656255032,CUL2
GO_Biological_Process_2021,negative regulation of apoptotic process (GO:0043066),7/485,0.7943416945086065,0.9376357509032328,0,0,0.7748156452992441,0.178394766433554,GRN;RIPK2;GSTP1;HSPB1;VDAC1;PHB2;AQP1
GO_Biological_Process_2021,positive regulation of protein catabolic process (GO:0045732),1/85,0.7953096529400417,0.9376357509032328,0,0,0.6323434265010351,0.144821656255032,HECW2
KEGG_2021_Human,Sulfur relay system,1/8,0.1384347593491376,0.9389304168627194,0,0,7.618012422360248,15.063523454852836,NFS1
KEGG_2021_Human,Oxidative phosphorylation,5/133,0.1001891490306853,0.9389304168627194,0,0,2.0929558722527477,4.815253925305335,COX3;SDHA;COX5B;COX6C;COX5A
KEGG_2021_Human,Fructose and mannose metabolism,2/33,0.1234839069969541,0.9389304168627194,0,0,3.44554803551024,7.206861388202258,GMPPB;ALDOA
KEGG_2021_Human,Galactose metabolism,2/31,0.1113332097932641,0.9389304168627194,0,0,3.6835478718406462,8.086226264766038,PGM2;PGM1
KEGG_2021_Human,Starch and sucrose metabolism,2/36,0.1422621843731393,0.9389304168627194,0,0,3.1410482449110435,6.125306527861486,PGM2;PGM1
KEGG_2021_Human,Renal cell carcinoma,3/69,0.1348821176648733,0.9389304168627194,0,0,2.4298310978638846,4.8678120545252055,PAK1;CUL2;PAK3
KEGG_2021_Human,Glycolysis / Gluconeogenesis,3/67,0.1265587963760563,0.9389304168627194,0,0,2.506019467213114,5.180063242658817,PGM2;ALDOA;PGM1
KEGG_2021_Human,AGE-RAGE signaling pathway in diabetic complications,4/100,0.1137690179944684,0.9389304168627194,0,0,2.230022831050228,4.847144273273048,PLCD3;PLCD4;PLCD1;ICAM1
KEGG_2021_Human,Glyoxylate and dicarboxylate metabolism,2/30,0.1053832883912008,0.9389304168627194,0,0,3.815297781237836,8.584996917471212,PCCA;PCCB
KEGG_2021_Human,Glutathione metabolism,3/57,0.0880575665767492,0.9389304168627194,0,0,2.9716150576806317,7.220324812652841,GSTP1;SMS;PRDX6
KEGG_2021_Human,Cardiac muscle contraction,4/87,0.0772957999096137,0.9389304168627194,0,0,2.5810199702921275,6.607709644198317,COX3;COX5B;COX6C;COX5A
KEGG_2021_Human,Cholesterol metabolism,3/50,0.0646744388528225,0.9389304168627194,0,0,3.415416811998605,9.352740604932352,VAPB;VDAC2;VDAC1
KEGG_2021_Human,Thermogenesis,7/232,0.1387817032846957,0.9389304168627194,0,0,1.667796193984039,3.2936524176694144,COX3;TSC2;COX5B;COX6C;SDHA;COX5A;COA6
GO_Biological_Process_2021,regulation of neuron death (GO:1901214),1/86,0.7991022793130489,0.9404156985452486,0,0,0.6248721227621483,0.1401377791006272,GPNMB
GO_Biological_Process_2021,glucose homeostasis (GO:0042593),1/86,0.7991022793130489,0.9404156985452486,0,0,0.6248721227621483,0.1401377791006272,PDK2
GO_Biological_Process_2021,negative regulation of angiogenesis (GO:0016525),1/87,0.802824819845312,0.9422590320655364,0,0,0.617574570273003,0.1356309526473696,EPN1
GO_Biological_Process_2021,ERAD pathway (GO:0036503),1/87,0.802824819845312,0.9422590320655364,0,0,0.617574570273003,0.1356309526473696,UBXN6
GO_Biological_Process_2021,sodium ion transmembrane transport (GO:0035725),1/87,0.802824819845312,0.9422590320655364,0,0,0.617574570273003,0.1356309526473696,ANO6
GO_Biological_Process_2021,regulation of establishment of planar polarity (GO:0090175),1/88,0.8064785662812398,0.944835351461336,0,0,0.6104447776111944,0.1312932162322713,PSME1
GO_Biological_Process_2021,regulation of cation channel activity (GO:2001257),1/89,0.810064786455028,0.944835351461336,0,0,0.6034770256916996,0.1271170350886745,HPCA
GO_Biological_Process_2021,regulation of cysteine-type endopeptidase activity involved in apoptotic process (GO:0043281),1/89,0.810064786455028,0.944835351461336,0,0,0.6034770256916996,0.1271170350886745,AQP1
GO_Biological_Process_2021,regulation of type I interferon production (GO:0032479),1/89,0.810064786455028,0.944835351461336,0,0,0.6034770256916996,0.1271170350886745,DHX9
GO_Biological_Process_2021,collagen fibril organization (GO:0030199),1/89,0.810064786455028,0.944835351461336,0,0,0.6034770256916996,0.1271170350886745,CD151
GO_Biological_Process_2021,post-Golgi vesicle-mediated transport (GO:0006892),1/89,0.810064786455028,0.944835351461336,0,0,0.6034770256916996,0.1271170350886745,STX4
GO_Biological_Process_2021,regulation of endothelial cell migration (GO:0010594),1/89,0.810064786455028,0.944835351461336,0,0,0.6034770256916996,0.1271170350886745,GRN
GO_Biological_Process_2021,negative regulation of translation (GO:0017148),1/90,0.8135847251091493,0.9455758640231336,0,0,0.5966658524670249,0.1230952733199859,DDX6
GO_Biological_Process_2021,"regulation of mRNA splicing, via spliceosome (GO:0048024)",1/90,0.8135847251091493,0.9455758640231336,0,0,0.5966658524670249,0.1230952733199859,PRDX6
GO_Biological_Process_2021,sodium ion transport (GO:0006814),1/90,0.8135847251091493,0.9455758640231336,0,0,0.5966658524670249,0.1230952733199859,ANO6
GO_Biological_Process_2021,protein complex oligomerization (GO:0051259),1/90,0.8135847251091493,0.9455758640231336,0,0,0.5966658524670249,0.1230952733199859,DNM1L
GO_Biological_Process_2021,regulation of stem cell differentiation (GO:2000736),1/91,0.8170396038911487,0.9470724320966366,0,0,0.590006038647343,0.1192211694236411,PSME1
GO_Biological_Process_2021,positive regulation of supramolecular fiber organization (GO:1902905),1/91,0.8170396038911487,0.9470724320966366,0,0,0.590006038647343,0.1192211694236411,PAK1
GO_Biological_Process_2021,toll-like receptor signaling pathway (GO:0002224),1/91,0.8170396038911487,0.9470724320966366,0,0,0.590006038647343,0.1192211694236411,RIPK2
GO_Biological_Process_2021,cellular protein-containing complex assembly (GO:0034622),2/168,0.8191892540490097,0.9484872537859048,0,0,0.6390138209513805,0.1274450074453991,DHX9;TBCD
GO_Biological_Process_2021,regulation of lipid metabolic process (GO:0019216),1/92,0.8204306222678993,0.9484872537859048,0,0,0.5834925943621596,0.1154883129046934,OPA3
GO_Biological_Process_2021,regulation of peptidyl-tyrosine phosphorylation (GO:0050730),1/92,0.8204306222678993,0.9484872537859048,0,0,0.5834925943621596,0.1154883129046934,RIPK2
GO_Biological_Process_2021,visual perception (GO:0007601),1/93,0.8237589573252513,0.9485833575425472,0,0,0.5771207466918714,0.1118906233301384,OPA3
GO_Biological_Process_2021,regulation of epithelial cell proliferation (GO:0050678),1/93,0.8237589573252513,0.9485833575425472,0,0,0.5771207466918714,0.1118906233301384,GRN
GO_Biological_Process_2021,negative regulation of cell death (GO:0060548),1/94,0.8270257648139828,0.9485833575425472,0,0,0.57088592800374,0.1084223299800462,GPNMB
GO_Biological_Process_2021,negative regulation of cellular protein metabolic process (GO:0032269),1/94,0.8270257648139828,0.9485833575425472,0,0,0.57088592800374,0.1084223299800462,DDX6
GO_Biological_Process_2021,positive regulation of epithelial cell migration (GO:0010634),1/94,0.8270257648139828,0.9485833575425472,0,0,0.57088592800374,0.1084223299800462,GRN
GO_Biological_Process_2021,positive regulation of apoptotic process (GO:0043065),4/310,0.8266957665523818,0.9485833575425472,0,0,0.6920941892738831,0.1317183470881202,NET1;GRN;ANO6;DNM1L
GO_Biological_Process_2021,nucleosome organization (GO:0034728),1/94,0.8270257648139828,0.9485833575425472,0,0,0.57088592800374,0.1084223299800462,H2AW
GO_Biological_Process_2021,hemopoiesis (GO:0030097),1/94,0.8270257648139828,0.9485833575425472,0,0,0.57088592800374,0.1084223299800462,GLRX5
GO_Biological_Process_2021,peptidyl-serine modification (GO:0018209),2/169,0.8217426204462684,0.9485833575425472,0,0,0.6351547586026857,0.1246986931522769,BRSK1;MARK1
GO_Biological_Process_2021,regulation of cell cycle phase transition (GO:1901987),1/95,0.8302321790123014,0.950597717628932,0,0,0.5647837650323775,0.1050779537208088,PSME1
GO_Biological_Process_2021,sensory perception of light stimulus (GO:0050953),1/95,0.8302321790123014,0.950597717628932,0,0,0.5647837650323775,0.1050779537208088,OPA3
GO_Biological_Process_2021,negative regulation of cell population proliferation (GO:0008285),5/379,0.8314690689084105,0.9511832018664278,0,0,0.7072706705059646,0.130534709661712,PAK1;GPNMB;GSTP1;TSC2;PHB
GO_Biological_Process_2021,cation transport (GO:0006812),2/174,0.8340307954527684,0.9527453435750456,0,0,0.6165325391293327,0.1118913784563835,ANO6;AQP1
GO_Biological_Process_2021,regulation of MAP kinase activity (GO:0043405),1/97,0.8364682612165351,0.9527453435750456,0,0,0.5529608242753623,0.0987403905238246,GSTP1
GO_Biological_Process_2021,positive regulation of DNA-binding transcription factor activity (GO:0051091),3/246,0.8350346915849508,0.9527453435750456,0,0,0.6539836740201039,0.117901490073204,DHX9;RIPK2;PHB2
GO_Biological_Process_2021,double-strand break repair via homologous recombination (GO:0000724),1/97,0.8364682612165351,0.9527453435750456,0,0,0.5529608242753623,0.0987403905238246,TONSL
GO_Biological_Process_2021,calcium ion homeostasis (GO:0055074),1/97,0.8364682612165351,0.9527453435750456,0,0,0.5529608242753623,0.0987403905238246,VAPB
GO_Biological_Process_2021,defense response to bacterium (GO:0042742),2/176,0.8387286298025761,0.9537128463516796,0,0,0.6093833192395628,0.1071710680295435,TF;AQP1
GO_Biological_Process_2021,regulation of neuron apoptotic process (GO:0043523),1/98,0.8395000951104792,0.9537128463516796,0,0,0.5472321828776333,0.0957375530662712,GRN
GO_Biological_Process_2021,RNA splicing (GO:0008380),1/98,0.8395000951104792,0.9537128463516796,0,0,0.5472321828776333,0.0957375530662712,SF3B3
GO_Biological_Process_2021,positive regulation of developmental process (GO:0051094),2/177,0.8410322171211849,0.9538003777213436,0,0,0.6058699883223044,0.1048914305368499,DNM1L;MFF
GO_Biological_Process_2021,glycerophospholipid biosynthetic process (GO:0046474),2/177,0.8410322171211849,0.9538003777213436,0,0,0.6058699883223044,0.1048914305368499,ARF3;MTMR9
GO_Biological_Process_2021,organic anion transport (GO:0015711),1/99,0.8424758684649428,0.9546118094706484,0,0,0.5416204525288376,0.0928393025553875,AQP1
GO_Biological_Process_2021,"RNA splicing, via transesterification reactions with bulged adenosine as nucleophile (GO:0000377)",3/251,0.8448933330177346,0.9556176203659676,0,0,0.6406332628239026,0.1079754645479205,SF3B3;DHX9;SRRT
GO_Biological_Process_2021,regulation of transforming growth factor beta receptor signaling pathway (GO:0017015),1/100,0.8453966150669691,0.9556176203659676,0,0,0.5361220904699165,0.0900413806333399,CD109
GO_Biological_Process_2021,regulation of immune response (GO:0050776),2/179,0.845550297196432,0.9556176203659676,0,0,0.5989624224510846,0.100486502661704,CD99;ICAM1
GO_Biological_Process_2021,positive regulation of cellular biosynthetic process (GO:0031328),2/180,0.8477654121748205,0.9572958271844872,0,0,0.5955668493402321,0.0983586501539298,DHX9;PYM1
GO_Biological_Process_2021,positive regulation of phosphorylation (GO:0042327),3/253,0.8486918219104448,0.9575171932225416,0,0,0.6354426229508197,0.1042501753700778,PAK1;GPNMB;ILK
GO_Biological_Process_2021,positive regulation of cell growth (GO:0030307),1/102,0.8510770684266656,0.9577356538260589,0,0,0.5254520017219113,0.0847304974151708,MACF1
GO_Biological_Process_2021,positive regulation of cellular protein metabolic process (GO:0032270),1/102,0.8510770684266656,0.9577356538260589,0,0,0.5254520017219113,0.0847304974151708,PYM1
GO_Biological_Process_2021,cell junction assembly (GO:0034329),1/102,0.8510770684266656,0.9577356538260589,0,0,0.5254520017219113,0.0847304974151708,ILK
GO_Biological_Process_2021,chromatin remodeling (GO:0006338),1/103,0.853838749258348,0.9591967440254452,0,0,0.5202738704177323,0.0822099940994658,PAK1
GO_Biological_Process_2021,cellular response to organonitrogen compound (GO:0071417),1/103,0.853838749258348,0.9591967440254452,0,0,0.5202738704177323,0.0822099940994658,AQP1
GO_Biological_Process_2021,steroid metabolic process (GO:0008202),1/104,0.8565493519780197,0.9605955521327492,0,0,0.5151962853524694,0.0797747147927943,FDX2
GO_Biological_Process_2021,cellular metal ion homeostasis (GO:0006875),1/104,0.8565493519780197,0.9605955521327492,0,0,0.5151962853524694,0.0797747147927943,VAPB
GO_Biological_Process_2021,regulation of phosphatidylinositol 3-kinase signaling (GO:0014066),1/106,0.8618210744335714,0.9648568988748182,0,0,0.5053312629399586,0.0751465993808516,TSC2
GO_Biological_Process_2021,chromosome organization (GO:0051276),1/106,0.8618210744335714,0.9648568988748182,0,0,0.5053312629399586,0.0751465993808516,PADI2
GO_Biological_Process_2021,cellular component assembly (GO:0022607),3/261,0.8630887732158231,0.965451690858314,0,0,0.6154848138264074,0.0906225852085668,ILK;CAPG;DNM1L
GO_Biological_Process_2021,regulation of mitotic cell cycle phase transition (GO:1901990),2/188,0.8644726311778868,0.9661752936694028,0,0,0.5697166798511617,0.0829710492531861,HECW2;PSME1
GO_Biological_Process_2021,regulation of GTPase activity (GO:0043087),2/189,0.8664388528450852,0.9672385807323882,0,0,0.5666409243905638,0.0812357623258651,NET1;DOCK8
GO_Biological_Process_2021,negative regulation of transmembrane receptor protein serine/threonine kinase signaling pathway (GO:0090101),1/108,0.8668995670179681,0.9672385807323882,0,0,0.4958350264120276,0.0708211821576261,CD109
GO_Biological_Process_2021,regulation of protein ubiquitination (GO:0031396),1/109,0.8693685699247216,0.9685060249193564,0,0,0.4912188003220611,0.068764792699417,RIPK2
GO_Biological_Process_2021,transmembrane receptor protein tyrosine kinase signaling pathway (GO:0007169),5/404,0.8695130368650513,0.9685060249193564,0,0,0.6620947974331433,0.0925753868410671,PAK1;NAMPT;TSC2;PAK3;PDK2
GO_Biological_Process_2021,negative regulation of Wnt signaling pathway (GO:0030178),2/191,0.8702931099418414,0.968552009451404,0,0,0.5605870564998631,0.0778796779643757,PSME1;TSC2
GO_Biological_Process_2021,regulation of interleukin-6 production (GO:0032675),1/110,0.8717918940498205,0.968575570423148,0,0,0.4866872756282409,0.0667757023981537,DHX9
GO_Biological_Process_2021,response to tumor necrosis factor (GO:0034612),1/110,0.8717918940498205,0.968575570423148,0,0,0.4866872756282409,0.0667757023981537,DHX9
GO_Biological_Process_2021,cellular divalent inorganic cation homeostasis (GO:0072503),1/111,0.8741703823067087,0.9703957419171,0,0,0.4822381422924901,0.0648513742333702,VAPB
GO_Biological_Process_2021,post-translational protein modification (GO:0043687),4/345,0.882976565487401,0.9716353648209306,0,0,0.61993331458643,0.0771548039559126,TF;VGF;CUL2;PSME1
GO_Biological_Process_2021,cellular protein metabolic process (GO:0044267),5/417,0.8862626063384316,0.9716353648209306,0,0,0.6407700309399339,0.0773678402596488,HBS1L;TF;VGF;FDX2;MSRB2
GO_Biological_Process_2021,negative regulation of intracellular signal transduction (GO:1902532),2/198,0.8829923832774339,0.9716353648209306,0,0,0.5403714619362732,0.0672431246047105,GSTP1;TSC2
GO_Biological_Process_2021,calcium ion transport (GO:0006816),1/115,0.8832522959772802,0.9716353648209306,0,0,0.4652221586575134,0.0577547226276309,ANO6
GO_Biological_Process_2021,regulation of macromolecule metabolic process (GO:0060255),2/200,0.8864041924682173,0.9716353648209306,0,0,0.534858117964385,0.0644943863254484,STX1B;MTMR9
GO_Biological_Process_2021,positive regulation of protein metabolic process (GO:0051247),1/115,0.8832522959772802,0.9716353648209306,0,0,0.4652221586575134,0.0577547226276309,HECW2
GO_Biological_Process_2021,"mRNA splicing, via spliceosome (GO:0000398)",3/274,0.8839279406598366,0.9716353648209306,0,0,0.5855665114028189,0.0722470408598783,SF3B3;DHX9;SRRT
GO_Biological_Process_2021,regulation of protein-containing complex assembly (GO:0043254),1/116,0.8854187142229302,0.9716353648209306,0,0,0.4611531190926276,0.0561198547178006,STX1B
GO_Biological_Process_2021,"nuclear-transcribed mRNA catabolic process, nonsense-mediated decay (GO:0000184)",1/113,0.8787961451186131,0.9716353648209306,0,0,0.4735782220496894,0.0611874073629045,PYM1
GO_Biological_Process_2021,regulation of macroautophagy (GO:0016241),1/112,0.8765048619453079,0.9716353648209306,0,0,0.4778691735213474,0.0629893825759776,TSC2
GO_Biological_Process_2021,sulfur compound biosynthetic process (GO:0044272),1/113,0.8787961451186131,0.9716353648209306,0,0,0.4735782220496894,0.0611874073629045,GSTP1
GO_Biological_Process_2021,positive regulation of cellular component organization (GO:0051130),1/114,0.8810450289013532,0.9716353648209306,0,0,0.4693632166217776,0.0594432289029728,CD151
GO_Biological_Process_2021,regulation of apoptotic process (GO:0042981),10/742,0.881990976659393,0.9716353648209306,0,0,0.7191728693852079,0.0903090209244054,NET1;RIPK2;GSTP1;HSPB1;ANO6;VDAC1;PHB;DNM1L;PHB2;AQP1
GO_Biological_Process_2021,sphingolipid metabolic process (GO:0006665),1/116,0.8854187142229302,0.9716353648209306,0,0,0.4611531190926276,0.0561198547178006,VAPB
GO_Biological_Process_2021,cellular response to molecule of bacterial origin (GO:0071219),1/115,0.8832522959772802,0.9716353648209306,0,0,0.4652221586575134,0.0577547226276309,GSTP1
GO_Biological_Process_2021,generation of neurons (GO:0048699),2/202,0.8897238094271099,0.9720232617991176,0,0,0.5294550408719346,0.0618637458704993,BRSK1;MARK1
GO_Biological_Process_2021,positive regulation of protein-containing complex assembly (GO:0031334),1/118,0.8896320064521404,0.9720232617991176,0,0,0.4532237086584912,0.0530033242196595,CAPG
GO_Biological_Process_2021,negative regulation of response to external stimulus (GO:0032102),1/118,0.8896320064521404,0.9720232617991176,0,0,0.4532237086584912,0.0530033242196595,CD109
GO_Biological_Process_2021,regulation of protein binding (GO:0043393),1/118,0.8896320064521404,0.9720232617991176,0,0,0.4532237086584912,0.0530033242196595,RIPK2
GO_Biological_Process_2021,cytoskeleton organization (GO:0007010),1/120,0.8936907722585571,0.9747326143352482,0,0,0.4455608330288637,0.0500790129912795,MARK1
GO_Biological_Process_2021,cellular response to lipopolysaccharide (GO:0071222),1/120,0.8936907722585571,0.9747326143352482,0,0,0.4455608330288637,0.0500790129912795,GSTP1
GO_Biological_Process_2021,cellular response to interferon-gamma (GO:0071346),1/121,0.8956639822643302,0.9749216821175232,0,0,0.4418251811594202,0.0486846973330577,ICAM1
GO_Biological_Process_2021,protein homooligomerization (GO:0051260),1/121,0.8956639822643302,0.9749216821175232,0,0,0.4418251811594202,0.0486846973330577,ALDOA
GO_Biological_Process_2021,regulation of inflammatory response (GO:0050727),2/206,0.8960950625107669,0.9749216821175232,0,0,0.5189667147512956,0.0569352025841367,GRN;DHX9
GO_Biological_Process_2021,potassium ion transport (GO:0006813),1/122,0.8976006640710361,0.9749773243661138,0,0,0.4381512756018685,0.0473334842242973,AQP1
GO_Biological_Process_2021,regulation of protein kinase B signaling (GO:0051896),2/207,0.8976335854385197,0.9749773243661138,0,0,0.5164085864291885,0.0557686818466089,TSC2;PHB
GO_Biological_Process_2021,positive regulation of epithelial cell proliferation (GO:0050679),1/123,0.89950149210895,0.9761973974791668,0,0,0.4345375980042765,0.0460238614389965,GRN
GO_Biological_Process_2021,positive regulation of programmed cell death (GO:0043068),3/286,0.9006098476256725,0.9765918198819328,0,0,0.5603892718530962,0.058663306726975,NET1;ANO6;DNM1L
GO_Biological_Process_2021,non-canonical Wnt signaling pathway (GO:0035567),1/124,0.9013671283217248,0.9766052109337034,0,0,0.4309826793920113,0.044754377821865,PSME1
KEGG_2021_Human,Non-alcoholic fatty liver disease,5/155,0.1593168441612333,0.9776052282334772,0,0,1.783974358974359,3.276911728027994,COX3;SDHA;COX5B;COX6C;COX5A
KEGG_2021_Human,Thyroid hormone signaling pathway,4/121,0.1851525053472494,0.9776052282334772,0,0,1.8277953401241072,3.08271473048951,TSC2;PLCD3;PLCD4;PLCD1
KEGG_2021_Human,Synthesis and degradation of ketone bodies,1/10,0.169946460366191,0.9776052282334772,0,0,5.924516908212561,10.499854426089636,BDH2
KEGG_2021_Human,Parkinson disease,7/249,0.1782596401871466,0.9776052282334772,0,0,1.5492785717547144,2.671752801859294,COX3;VDAC2;VDAC1;COX5B;COX6C;SDHA;COX5A
KEGG_2021_Human,Ferroptosis,2/41,0.1747267577466333,0.9776052282334772,0,0,2.7376510864249286,4.775919677604012,TF;VDAC2
GO_Biological_Process_2021,circulatory system development (GO:0072359),1/126,0.9049954125877092,0.9781306404508274,0,0,0.4240434782608696,0.0423303116407479,TSC2
GO_Biological_Process_2021,negative regulation of inflammatory response (GO:0050728),2/212,0.905013323315678,0.9781306404508274,0,0,0.5039833917218114,0.0503003716019856,GRN;GSTP1
GO_Biological_Process_2021,synapse organization (GO:0050808),1/126,0.9049954125877092,0.9781306404508274,0,0,0.4240434782608696,0.0423303116407479,PAK3
GO_Biological_Process_2021,positive regulation of GTPase activity (GO:0043547),2/214,0.9078238902950564,0.9795531853307152,0,0,0.4991774201840522,0.0482728888295767,NET1;DOCK8
GO_Biological_Process_2021,negative regulation of multicellular organismal process (GO:0051241),2/214,0.9078238902950564,0.9795531853307152,0,0,0.4991774201840522,0.0482728888295767,GRN;GPNMB
GO_Biological_Process_2021,DNA-dependent DNA replication (GO:0006261),1/129,0.9101897611222188,0.9804920105433268,0,0,0.4140412703804347,0.0389621830493612,PSME1
GO_Biological_Process_2021,muscle contraction (GO:0006936),1/129,0.9101897611222188,0.9804920105433268,0,0,0.4140412703804347,0.0389621830493612,ALDOA
GO_Biological_Process_2021,regulation of response to external stimulus (GO:0032101),1/130,0.9118574810550044,0.9806769135874576,0,0,0.4108105830805527,0.0379061382508664,GRN
GO_Biological_Process_2021,protein glycosylation (GO:0006486),1/130,0.9118574810550044,0.9806769135874576,0,0,0.4108105830805527,0.0379061382508664,ALG9
GO_Biological_Process_2021,mRNA processing (GO:0006397),3/300,0.9173238387456724,0.9817237164045522,0,0,0.5335872385052713,0.0460457607315073,SF3B3;DHX9;SRRT
GO_Biological_Process_2021,regulation of cell motility (GO:2000145),1/133,0.9166775907796182,0.9817237164045522,0,0,0.4014122200263504,0.034922646318081,MACF1
GO_Biological_Process_2021,RNA metabolic process (GO:0016070),1/133,0.9166775907796182,0.9817237164045522,0,0,0.4014122200263504,0.034922646318081,DHX9
GO_Biological_Process_2021,regulation of cell adhesion (GO:0030155),1/133,0.9166775907796182,0.9817237164045522,0,0,0.4014122200263504,0.034922646318081,STX4
GO_Biological_Process_2021,positive regulation of protein phosphorylation (GO:0001934),4/371,0.9138207190356272,0.9817237164045522,0,0,0.5752379530439327,0.0518409485931239,PAK1;GPNMB;RIPK2;ILK
GO_Biological_Process_2021,cellular response to lipid (GO:0071396),2/219,0.9145140382849516,0.9817237164045522,0,0,0.4875500696894737,0.0435686738408441,GSTP1;AQP1
GO_Biological_Process_2021,positive regulation of peptidyl-tyrosine phosphorylation (GO:0050731),1/134,0.9182251441905284,0.9818867569606712,0,0,0.3983736515201046,0.0339863172085925,RIPK2
GO_Biological_Process_2021,cellular calcium ion homeostasis (GO:0006874),1/136,0.921234778919822,0.9819014594828348,0,0,0.3924315619967793,0.0321952257656082,VAPB
GO_Biological_Process_2021,organic substance transport (GO:0071702),1/136,0.921234778919822,0.9819014594828348,0,0,0.3924315619967793,0.0321952257656082,PICK1
GO_Biological_Process_2021,ribonucleoprotein complex assembly (GO:0022618),1/136,0.921234778919822,0.9819014594828348,0,0,0.3924315619967793,0.0321952257656082,DHX9
GO_Biological_Process_2021,innate immune response (GO:0045087),3/302,0.91949107547598,0.9819014594828348,0,0,0.5299632655299085,0.0444824353339903,RIPK2;PHB;PHB2
GO_Biological_Process_2021,chemical synaptic transmission (GO:0007268),3/306,0.923671011544256,0.9836983721645164,0,0,0.5228588432613753,0.0415146360111728,SYT5;BRSK1;CPLX1
GO_Biological_Process_2021,positive regulation of macromolecule metabolic process (GO:0010604),4/384,0.9263486276676356,0.9857492296041154,0,0,0.555183850036049,0.0424741336008654,ATAD1;CD63;PICK1;PHB
GO_Biological_Process_2021,apoptotic process (GO:0006915),2/231,0.9287592126732584,0.986614565019293,0,0,0.4617160263198601,0.0341234754760671,TSC2;VDAC1
GO_Biological_Process_2021,negative regulation of DNA-binding transcription factor activity (GO:0043433),1/143,0.9309246505941003,0.986614565019293,0,0,0.3729523882424985,0.026694790276496,PHB2
GO_Biological_Process_2021,protein-DNA complex assembly (GO:0065004),1/143,0.9309246505941003,0.986614565019293,0,0,0.3729523882424985,0.026694790276496,PSME1
GO_Biological_Process_2021,neuron development (GO:0048666),1/143,0.9309246505941003,0.986614565019293,0,0,0.3729523882424985,0.026694790276496,TBCD
GO_Biological_Process_2021,regulation of small GTPase mediated signal transduction (GO:0051056),1/141,0.9282843220117654,0.986614565019293,0,0,0.378319099378882,0.0281534524870529,NET1
GO_Biological_Process_2021,positive regulation of intracellular protein transport (GO:0090316),1/148,0.9371090154558824,0.9908177780246522,0,0,0.3601745045844424,0.0233953720508876,MFF
GO_Biological_Process_2021,cellular response to organic cyclic compound (GO:0071407),1/150,0.9394252464413748,0.9908177780246522,0,0,0.3553034724248614,0.0222018589820211,AQP1
GO_Biological_Process_2021,axonogenesis (GO:0007409),2/240,0.9379411646964724,0.9908177780246522,0,0,0.4440500996038742,0.028449426713655,BRSK1;PAK3
GO_Biological_Process_2021,cellular response to oxygen-containing compound (GO:1901701),3/323,0.9393112878909444,0.9908177780246522,0,0,0.4946465163934426,0.0309689996080442,GSTP1;PDK2;AQP1
GO_Biological_Process_2021,proteasome-mediated ubiquitin-dependent protein catabolic process (GO:0043161),3/321,0.937638123508371,0.9908177780246522,0,0,0.4978090524796371,0.0320545223832664,HECW2;CUL2;PSME1
GO_Biological_Process_2021,regulation of cytokine production (GO:0001817),1/150,0.9394252464413748,0.9908177780246522,0,0,0.3553034724248614,0.0222018589820211,GPNMB
GO_Biological_Process_2021,anterograde trans-synaptic signaling (GO:0098916),2/244,0.9416518927190894,0.992367870863928,0,0,0.4366203526471052,0.0262494467778026,SYT5;CPLX1
GO_Biological_Process_2021,skeletal system development (GO:0001501),1/158,0.9478699211105172,0.9931855262472384,0,0,0.3370603710883412,0.0180455382013454,PRDX1
GO_Biological_Process_2021,positive regulation of cellular process (GO:0048522),7/625,0.9451062535511188,0.9931855262472384,0,0,0.5949105115414186,0.0335874101800824,GRN;PAK1;RIPK2;LMAN2;NAMPT;STX4;PHB
GO_Biological_Process_2021,cellular response to cytokine stimulus (GO:0071345),5/482,0.9450074037430016,0.9931855262472384,0,0,0.5515815421475799,0.0311988402831269,DHX9;DOCK8;STX4;PHB;ICAM1
GO_Biological_Process_2021,response to lipopolysaccharide (GO:0032496),1/159,0.9488393399191576,0.9931855262472384,0,0,0.3349098789212988,0.0175880564627489,GSTP1
GO_Biological_Process_2021,protein autophosphorylation (GO:0046777),1/159,0.9488393399191576,0.9931855262472384,0,0,0.3349098789212988,0.0175880564627489,PAK1
GO_Biological_Process_2021,regulation of canonical Wnt signaling pathway (GO:0060828),2/253,0.9492459682591836,0.9931855262472384,0,0,0.420769239119815,0.0219167450211356,PSME1;ILK
GO_Biological_Process_2021,positive regulation of cytokine production (GO:0001819),3/335,0.9485094121342824,0.9931855262472384,0,0,0.4764714596089275,0.0251879806800757,DHX9;RIPK2;PHB
GO_Biological_Process_2021,regulation of cell differentiation (GO:0045595),1/156,0.945875780377231,0.9931855262472384,0,0,0.3414446002805049,0.0189993532179465,SMOC1
GO_Biological_Process_2021,cellular response to growth factor stimulus (GO:0071363),1/158,0.9478699211105172,0.9931855262472384,0,0,0.3370603710883412,0.0180455382013454,HSPB1
GO_Biological_Process_2021,positive regulation of protein kinase B signaling (GO:0051897),1/161,0.950724569175199,0.9939393223195262,0,0,0.3306895380434783,0.0167100335968673,PHB
GO_Biological_Process_2021,peptide biosynthetic process (GO:0043043),1/162,0.9516410386164986,0.9941047024910198,0,0,0.3286186875506346,0.0162887659060167,HBS1L
GO_Biological_Process_2021,heart development (GO:0007507),1/164,0.9534232894941748,0.994381807897266,0,0,0.3245532141904508,0.0154799902866796,TSC2
GO_Biological_Process_2021,double-strand break repair (GO:0006302),1/164,0.9534232894941748,0.994381807897266,0,0,0.3245532141904508,0.0154799902866796,TONSL
GO_Biological_Process_2021,negative regulation of canonical Wnt signaling pathway (GO:0090090),1/165,0.9542896941521494,0.9944942679121364,0,0,0.3225576617179215,0.0150918249723863,PSME1
GO_Biological_Process_2021,cell-cell adhesion via plasma-membrane adhesion molecules (GO:0098742),1/170,0.9583864657759243,0.9955443550718596,0,0,0.3129341394391561,0.0133010069276566,ICAM1
GO_Biological_Process_2021,positive regulation of I-kappaB kinase/NF-kappaB signaling (GO:0043123),1/171,0.9591607762414543,0.9955443550718596,0,0,0.3110773657289002,0.0129708586153625,RIPK2
GO_Biological_Process_2021,central nervous system development (GO:0007417),2/268,0.959853596346934,0.9955443550718596,0,0,0.3967343426686607,0.016255995273334,GSTP1;CAPG
GO_Biological_Process_2021,protein deubiquitination (GO:0016579),2/267,0.9592180268847073,0.9955443550718596,0,0,0.398252017891111,0.0165819721872359,PSME1;OTUB1
GO_Biological_Process_2021,cellular response to DNA damage stimulus (GO:0006974),3/350,0.9581861518173744,0.9955443550718596,0,0,0.4555203855057401,0.0194567364850387,BRSK1;PAK1;OTUB1
GO_Biological_Process_2021,nuclear-transcribed mRNA catabolic process (GO:0000956),1/171,0.9591607762414543,0.9955443550718596,0,0,0.3110773657289002,0.0129708586153625,PYM1
GO_Biological_Process_2021,regulation of intracellular signal transduction (GO:1902531),4/437,0.9621495228887652,0.9963491504795984,0,0,0.4858869309373912,0.0187481470249798,NET1;PAK1;HSPB1;PAK3
GO_Biological_Process_2021,neuron differentiation (GO:0030182),1/174,0.9613985449664524,0.9963491504795984,0,0,0.305635838150289,0.0120317328330586,BRSK1
GO_Biological_Process_2021,protein modification by small protein removal (GO:0070646),2/276,0.9646076053054248,0.9967935544493184,0,0,0.3849917460570019,0.0138727490597523,PSME1;OTUB1
GO_Biological_Process_2021,RNA processing (GO:0006396),1/179,0.964859664833093,0.9967935544493184,0,0,0.2969742305813385,0.0106235442993142,SF3B3
GO_Biological_Process_2021,regulation of mitotic cell cycle (GO:0007346),1/178,0.9641931378255156,0.9967935544493184,0,0,0.2986674035863424,0.0108905048647502,PSME1
GO_Biological_Process_2021,negative regulation of cytokine production (GO:0001818),1/182,0.9667859082820904,0.997997106895922,0,0,0.2920069661301945,0.0098634714226233,GPNMB
KEGG_2021_Human,NF-kappa B signaling pathway,1/104,0.8565493519780197,0.9999134247067548,0,0,0.5151962853524694,0.0797747147927943,ICAM1
KEGG_2021_Human,C-type lectin receptor signaling pathway,1/104,0.8565493519780197,0.9999134247067548,0,0,0.5151962853524694,0.0797747147927943,PAK1
KEGG_2021_Human,Longevity regulating pathway,1/102,0.8510770684266656,0.9999134247067548,0,0,0.5254520017219113,0.0847304974151708,TSC2
KEGG_2021_Human,RNA transport,2/186,0.8604605295542228,0.9999134247067548,0,0,0.5759684871460727,0.0865608833539148,XPOT;PYM1
KEGG_2021_Human,Phosphatidylinositol signaling system,3/97,0.2659224922321745,0.9999134247067548,0,0,1.7036100453435647,2.25651735890556,PLCD3;PLCD4;PLCD1
KEGG_2021_Human,Shigellosis,6/246,0.3024305065680858,0.9999134247067548,0,0,1.3354683195592287,1.597091582393689,RIPK2;ILK;VDAC1;PLCD3;PLCD4;PLCD1
KEGG_2021_Human,Fatty acid biosynthesis,1/18,0.2849086801184325,0.9999134247067548,0,0,3.135230179028133,3.936552908829248,MECR
KEGG_2021_Human,Arginine and proline metabolism,1/50,0.6063398885560332,0.9999134247067548,0,0,1.0859582963620231,0.5433207667028247,SMS
KEGG_2021_Human,Proteasome,1/46,0.5758208281061391,0.9999134247067548,0,0,1.1827294685990335,0.6528178542291806,PSME1
KEGG_2021_Human,T cell receptor signaling pathway,2/104,0.5746459815320691,0.9999134247067548,0,0,1.043383020783245,0.5780353538479104,PAK1;PAK3
KEGG_2021_Human,Mineral absorption,2/60,0.3039378979181429,0.9999134247067548,0,0,1.839049140279996,2.1901822530042723,TF;HMOX2
KEGG_2021_Human,HIF-1 signaling pathway,3/109,0.3263276035975098,0.9999134247067548,0,0,1.509820600061862,1.6907778579829935,TF;CUL2;ALDOA
KEGG_2021_Human,Huntington disease,7/306,0.3359941216626875,0.9999134247067548,0,0,1.2502448308357508,1.3635940453739046,COX3;VDAC2;VDAC1;COX5B;COX6C;SDHA;COX5A
KEGG_2021_Human,Thiamine metabolism,1/15,0.2437875973969537,0.9999134247067548,0,0,3.8076475155279503,5.374334300494412,NFS1
KEGG_2021_Human,Malaria,1/50,0.6063398885560332,0.9999134247067548,0,0,1.0859582963620231,0.5433207667028247,ICAM1
KEGG_2021_Human,Alzheimer disease,7/369,0.5235979960392703,0.9999134247067548,0,0,1.0292955038002505,0.6659861734631678,COX3;VDAC2;VDAC1;COX5B;COX6C;SDHA;COX5A
KEGG_2021_Human,Various types of N-glycan biosynthesis,1/39,0.516626928395109,0.9999134247067548,0,0,1.4011012585812357,0.9253352917809864,ALG9
KEGG_2021_Human,Cell adhesion molecules,3/148,0.5161428866735841,0.9999134247067548,0,0,1.1015262860373092,0.7285182459422259,CD99;JAM2;ICAM1
KEGG_2021_Human,Amyotrophic lateral sclerosis,7/364,0.5091706323282901,0.9999134247067548,0,0,1.0439822337774889,0.7046588682735141,VAPB;COX3;VDAC1;COX5B;COX6C;SDHA;COX5A
KEGG_2021_Human,African trypanosomiasis,1/37,0.4982490199260528,0.9999134247067548,0,0,1.4790911835748792,1.0304166928796366,ICAM1
KEGG_2021_Human,Nicotinate and nicotinamide metabolism,1/35,0.4791743439643374,0.9999134247067548,0,0,1.5662563938618923,1.1522803769921686,NAMPT
KEGG_2021_Human,ErbB signaling pathway,2/85,0.46686670853132,0.9999134247067548,0,0,1.2834772331834148,0.977639346373366,PAK1;PAK3
KEGG_2021_Human,Calcium signaling pathway,5/240,0.4554136602540651,0.9999134247067548,0,0,1.133738601823708,0.8917411104994258,VDAC2;VDAC1;PLCD3;PLCD4;PLCD1
KEGG_2021_Human,Synaptic vesicle cycle,2/78,0.4232652131011173,0.9999134247067548,0,0,1.4021941775419475,1.2055452991101163,STX1B;CPLX1
KEGG_2021_Human,Lysosome,3/128,0.4214008405718771,0.9999134247067548,0,0,1.2790819672131148,1.1053452650017066,AP3M2;CD63;AP3D1
KEGG_2021_Human,Butanoate metabolism,1/28,0.4065365549064871,0.9999134247067548,0,0,1.9730273752012883,1.7758852974887318,BDH2
KEGG_2021_Human,Amoebiasis,2/102,0.5640770742382744,0.9999134247067548,0,0,1.064359673024523,0.6094144366759733,PRDX1;HSPB1
KEGG_2021_Human,Vasopressin-regulated water reabsorption,1/44,0.5596876696024028,0.9999134247067548,0,0,1.237866531850354,0.7184285012543811,STX4
KEGG_2021_Human,Cellular senescence,3/156,0.5516721278119285,0.9999134247067548,0,0,1.0435015536269152,0.620676164683649,TSC2;VDAC2;VDAC1
KEGG_2021_Human,Porphyrin and chlorophyll metabolism,1/43,0.5513930606749786,0.9999134247067548,0,0,1.2674042443064182,0.754495081564532,HMOX2
KEGG_2021_Human,mRNA surveillance pathway,2/98,0.5423797228960298,0.9999134247067548,0,0,1.1089350590372389,0.6784341899875262,HBS1L;PYM1
KEGG_2021_Human,Legionellosis,1/57,0.6545726133725754,0.9999134247067548,0,0,0.9498738354037268,0.4025306521168366,HBS1L
KEGG_2021_Human,N-Glycan biosynthesis,1/50,0.6063398885560332,0.9999134247067548,0,0,1.0859582963620231,0.5433207667028247,ALG9
KEGG_2021_Human,TNF signaling pathway,2/112,0.6150424015499322,0.9999134247067548,0,0,0.967104285360416,0.4700746430670172,DNM1L;ICAM1
KEGG_2021_Human,Pathways of neurodegeneration,8/475,0.6523487246033844,0.9999134247067548,0,0,0.909393962761067,0.3884712812134043,VAPB;COX3;VDAC2;VDAC1;COX6C;COX5B;SDHA;COX5A
KEGG_2021_Human,Endometrial cancer,1/58,0.6609639392608307,0.9999134247067548,0,0,0.9331617086193744,0.3863812001720439,ILK
KEGG_2021_Human,Axon guidance,3/182,0.6557599347596229,0.9999134247067548,0,0,0.8907409103397746,0.3758574889166763,PAK1;ILK;PAK3
KEGG_2021_Human,VEGF signaling pathway,1/59,0.667237322533468,0.9999134247067548,0,0,0.9170258620689656,0.3710373667841007,HSPB1
KEGG_2021_Human,Fc gamma R-mediated phagocytosis,1/97,0.8364682612165351,0.9999134247067548,0,0,0.5529608242753623,0.0987403905238246,PAK1
KEGG_2021_Human,Staphylococcus aureus infection,1/95,0.8302321790123014,0.9999134247067548,0,0,0.5647837650323775,0.1050779537208088,ICAM1
KEGG_2021_Human,Influenza A,2/172,0.8292099808680274,0.9999134247067548,0,0,0.6238499759576855,0.1168357849494685,VDAC1;ICAM1
KEGG_2021_Human,Protein processing in endoplasmic reticulum,2/171,0.8267526642172895,0.9999134247067548,0,0,0.6275736420360188,0.1193957000163552,LMAN2;UBXN6
KEGG_2021_Human,Rheumatoid arthritis,1/93,0.8237589573252513,0.9999134247067548,0,0,0.5771207466918714,0.1118906233301384,ICAM1
KEGG_2021_Human,cGMP-PKG signaling pathway,2/167,0.8166032306774943,0.9999134247067548,0,0,0.6429196598133928,0.1302567728175113,VDAC2;VDAC1
KEGG_2021_Human,Bile secretion,1/90,0.8135847251091493,0.9999134247067548,0,0,0.5966658524670249,0.1230952733199859,AQP1
KEGG_2021_Human,Peroxisome,1/82,0.7834979760381987,0.9999134247067548,0,0,0.6558641975308642,0.1600222070661093,PRDX1
KEGG_2021_Human,Human T-cell leukemia virus 1 infection,3/219,0.772103431123028,0.9999134247067548,0,0,0.7367562234365513,0.1905522423869518,VDAC2;VDAC1;ICAM1
KEGG_2021_Human,Renin secretion,1/69,0.7239426997456787,0.9999134247067548,0,0,0.7817695012787724,0.2525451913676766,AQP1
KEGG_2021_Human,Autophagy,2/137,0.7222480902321472,0.9999134247067548,0,0,0.7870017156120699,0.2560797997125715,STX17;TSC2
KEGG_2021_Human,Focal adhesion,3/201,0.7201196297274709,0.9999134247067548,0,0,0.8044792184136447,0.2641410399943149,PAK1;ILK;PAK3
KEGG_2021_Human,Natural killer cell mediated cytotoxicity,2/131,0.6990683381599652,0.9999134247067548,0,0,0.8238599159326616,0.2949474323120418,PAK1;ICAM1
KEGG_2021_Human,Purine metabolism,2/129,0.6909936516678009,0.9999134247067548,0,0,0.8369199081722414,0.3093462217951752,PGM2;PGM1
KEGG_2021_Human,Spinocerebellar ataxia,2/143,0.7439058435442865,0.9999134247067548,0,0,0.7532803834038688,0.222851076172204,VDAC2;VDAC1
KEGG_2021_Human,p53 signaling pathway,1/73,0.743826849577003,0.9999134247067548,0,0,0.7381868961352657,0.2184641975703933,TSC2
KEGG_2021_Human,Fluid shear stress and atherosclerosis,2/139,0.7296335018610188,0.9999134247067548,0,0,0.7754330833946578,0.2444265289281623,GSTP1;ICAM1
KEGG_2021_Human,Neutrophil extracellular trap formation,3/189,0.6806304626436156,0.9999134247067548,0,0,0.8569099242023621,0.3296838904292073,H2AW;VDAC2;VDAC1
KEGG_2021_Human,Endocytosis,4/252,0.6864092814403646,0.9999134247067548,0,0,0.856517896597437,0.3222915896514153,ARF3;SMAP1;ARF5;EPN1
KEGG_2021_Human,Viral myocarditis,1/60,0.6733949339483988,0.9999134247067548,0,0,0.9014369933677228,0.356449186492752,ICAM1
KEGG_2021_Human,Fatty acid elongation,1/27,0.3953659978935852,0.9999134247067548,0,0,2.049017558528428,1.9013722505462904,MECR
KEGG_2021_Human,Epithelial cell signaling in Helicobacter pylori infection,2/70,0.3712927118427454,0.9999134247067548,0,0,1.5677993268151948,1.5533199894241236,PAK1;JAM2
KEGG_2021_Human,Leukocyte transendothelial migration,3/114,0.3515776847451498,0.9999134247067548,0,0,1.4414414414414414,1.5067741735755968,CD99;JAM2;ICAM1
KEGG_2021_Human,Proximal tubule bicarbonate reclamation,1/23,0.3485473576790451,0.9999134247067548,0,0,2.422060276679842,2.55280591931717,AQP1
KEGG_2021_Human,Necroptosis,4/159,0.3376595623095993,0.9999134247067548,0,0,1.377003977021653,1.4950367689990949,H2AW;VDAC2;VDAC1;DNM1L
KEGG_2021_Human,Human papillomavirus infection,1/331,0.9979998778845582,0.9999134247067548,0,0,0.1589344532279314,0.0003182066470709317,TSC2
KEGG_2021_Human,Pathways in cancer,2/531,0.9994972937669876,0.9999134247067548,0,0,0.1967827838242944,9.894880515291004e-05,GSTP1;CUL2
KEGG_2021_Human,"Valine, leucine and isoleucine degradation",2/48,0.2217904451412027,0.9999134247067548,0,0,2.320222722426253,3.4943071231394147,PCCA;PCCB
KEGG_2021_Human,Cysteine and methionine metabolism,2/50,0.2354374823833979,0.9999134247067548,0,0,2.223319709355132,3.215609236148146,MTAP;SMS
KEGG_2021_Human,Chemical carcinogenesis,1/239,0.9886380182558668,0.9999134247067548,0,0,0.2214217208622579,0.0025301909169557,GSTP1
KEGG_2021_Human,Choline metabolism in cancer,1/98,0.8395000951104792,0.9999134247067548,0,0,0.5472321828776333,0.0957375530662712,TSC2
KEGG_2021_Human,Prostate cancer,1/97,0.8364682612165351,0.9999134247067548,0,0,0.5529608242753623,0.0987403905238246,GSTP1
KEGG_2021_Human,Alcoholism,1/186,0.96919139481778,0.9999134247067548,0,0,0.2856345475910693,0.0089384100910711,H2AW
KEGG_2021_Human,Tuberculosis,1/180,0.9655138168111932,0.9999134247067548,0,0,0.2952999757104688,0.0103635132816156,RIPK2
KEGG_2021_Human,Tight junction,1/169,0.957597514020722,0.9999134247067548,0,0,0.3148130175983437,0.0136401305286982,JAM2
KEGG_2021_Human,Hepatocellular carcinoma,1/168,0.9567936448903316,0.9999134247067548,0,0,0.3167143972923718,0.0139884951312816,GSTP1
KEGG_2021_Human,Hippo signaling pathway,1/163,0.9525405071808613,0.9999134247067548,0,0,0.3265734031132581,0.0158788628620581,PAK1
KEGG_2021_Human,JAK-STAT signaling pathway,1/162,0.9516410386164986,0.9999134247067548,0,0,0.3286186875506346,0.0162887659060167,FHL1
KEGG_2021_Human,mTOR signaling pathway,1/154,0.9438055685083252,0.9999134247067548,0,0,0.3459434498437056,0.0200076738824076,TSC2
KEGG_2021_Human,Spliceosome,1/150,0.9394252464413748,0.9999134247067548,0,0,0.3553034724248614,0.0222018589820211,SF3B3
KEGG_2021_Human,Phospholipase D signaling pathway,1/148,0.9371090154558824,0.9999134247067548,0,0,0.3601745045844424,0.0233953720508876,TSC2
KEGG_2021_Human,Ubiquitin mediated proteolysis,1/140,0.9269266523162492,0.9999134247067548,0,0,0.3810603690960275,0.0289151809974285,CUL2
KEGG_2021_Human,Insulin signaling pathway,1/137,0.9226979098777534,0.9999134247067548,0,0,0.3895260549872122,0.0313386914706869,TSC2
KEGG_2021_Human,Ras signaling pathway,2/232,0.9298394458845012,0.9999134247067548,0,0,0.4596848714607274,0.0334390159188045,PAK1;PAK3
KEGG_2021_Human,AMPK signaling pathway,1/120,0.8936907722585571,0.9999134247067548,0,0,0.4455608330288637,0.0500790129912795,TSC2
KEGG_2021_Human,Proteoglycans in cancer,2/205,0.8945350846094413,0.9999134247067548,0,0,0.5215500463081032,0.0581273546390801,CD63;PAK1
KEGG_2021_Human,Human immunodeficiency virus 1 infection,2/212,0.905013323315678,0.9999134247067548,0,0,0.5039833917218114,0.0503003716019856,PAK1;PAK3
KEGG_2021_Human,Regulation of actin cytoskeleton,2/218,0.9132134895019578,0.9999134247067548,0,0,0.4898324755272984,0.0444697316396586,PAK1;PAK3
KEGG_2021_Human,Systemic lupus erythematosus,1/135,0.9197440303731792,0.9999134247067548,0,0,0.3953804347826087,0.0330774779517539,H2AW
KEGG_2021_Human,Pathogenic Escherichia coli infection,2/197,0.8812512233031046,0.9999134247067548,0,0,0.5431705442604625,0.0686635663667982,PAK1;PAK3
KEGG_2021_Human,Human cytomegalovirus infection,1/225,0.9852090479595388,0.9999134247067548,0,0,0.2354304153726708,0.0035082495948549,TSC2
KEGG_2021_Human,Lipid and atherosclerosis,1/215,0.9821447754301528,0.9999134247067548,0,0,0.2465588175538399,0.0044421398411843,ICAM1
KEGG_2021_Human,cAMP signaling pathway,1/216,0.9824777383025702,0.9999134247067548,0,0,0.2453993933265925,0.0043380707723093,PAK1
KEGG_2021_Human,MAPK signaling pathway,2/294,0.973408809631902,0.9999134247067548,0,0,0.3609234444402971,0.0097272951230148,PAK1;HSPB1
KEGG_2021_Human,Kaposi sarcoma-associated herpesvirus infection,1/193,0.9729903825831892,0.9999134247067548,0,0,0.2751217164855072,0.0075331300418318,ICAM1
KEGG_2021_Human,Chemokine signaling pathway,1/192,0.9724777180961368,0.9999134247067548,0,0,0.2765763715001138,0.0077187253855094,PAK1
KEGG_2021_Human,Epstein-Barr virus infection,1/202,0.977196245681772,0.9999134247067548,0,0,0.2626811594202898,0.0060594715948739,ICAM1
KEGG_2021_Human,RNA degradation,1/79,0.7710066515285886,0.9999134247067548,0,0,0.6811942586399108,0.17715020609743,DDX6
KEGG_2021_Human,Antigen processing and presentation,1/78,0.7666851671004221,0.9999134247067548,0,0,0.6900762281197064,0.1833387863795713,PSME1
KEGG_2021_Human,Bacterial invasion of epithelial cells,1/77,0.7622823535694169,0.9999134247067548,0,0,0.6991919336384439,0.189787434312829,ILK
KEGG_2021_Human,Metabolism of xenobiotics by cytochrome P450,1/76,0.7577966845537744,0.9999134247067548,0,0,0.7085507246376812,0.1965095681515006,GSTP1
KEGG_2021_Human,PPAR signaling pathway,1/74,0.7485705313976982,0.9999134247067548,0,0,0.7280375223347231,0.2108322763322326,ILK
KEGG_2021_Human,Herpes simplex virus 1 infection,1/498,0.9999134247067548,0.9999134247067548,0,0,0.1046168314233225,9.057624947793376e-06,TSC2
KEGG_2021_Human,NOD-like receptor signaling pathway,5/181,0.2429134453486346,0.9999134247067548,0,0,1.5184034715284715,2.1486169706733613,RIPK2;NAMPT;VDAC2;VDAC1;DNM1L
KEGG_2021_Human,Prion disease,7/273,0.240887265376762,0.9999134247067548,0,0,1.4077493457400407,2.0038273488535787,COX3;VDAC2;VDAC1;COX5B;COX6C;SDHA;COX5A
KEGG_2021_Human,PI3K-Akt signaling pathway,1/354,0.9987054350431128,0.9999134247067548,0,0,0.1484018967853184,0.0001922403557931344,TSC2
KEGG_2021_Human,Neurotrophin signaling pathway,1/119,0.8916803469497065,0.9999134247067548,0,0,0.4493598010316875,0.0515180074754346,RIPK2
KEGG_2021_Human,Drug metabolism,1/108,0.8668995670179681,0.9999134247067548,0,0,0.4958350264120276,0.0708211821576261,GSTP1
KEGG_2021_Human,Salmonella infection,3/249,0.841012631570296,0.9999134247067548,0,0,0.6459083033453286,0.1118381180772795,PAK1;RIPK2;PAK3
GO_Biological_Process_2021,negative regulation of nucleic acid-templated transcription (GO:1903507),2/464,0.9984124548077592,0.999995718420768,0,0,0.2261108555386484,0.0003592464371115451,PHB;PHB2
GO_Biological_Process_2021,positive regulation of cell differentiation (GO:0045597),1/258,0.9920588116126492,0.999995718420768,0,0,0.204851125021147,0.0016332549852588,PCP4
GO_Biological_Process_2021,ubiquitin-dependent protein catabolic process (GO:0006511),2/354,0.9899525314317038,0.999995718420768,0,0,0.2984734951696804,0.0030140704346394,HECW2;PSME1
GO_Biological_Process_2021,"regulation of transcription, DNA-templated (GO:0006355)",5/2244,0.9999948475791016,0.999995718420768,0,0,0.1066999101836082,5.497642634067916e-07,DHX9;SRRT;ILK;PHB;PHB2
GO_Biological_Process_2021,cellular protein modification process (GO:0006464),11/1025,0.9837725771679708,0.999995718420768,0,0,0.5641328661311472,0.0092295123456024,BRSK1;TF;PAK1;VGF;CUL2;PSME1;PICK1;ILK;PAK3;PDK2;MARK1
GO_Biological_Process_2021,negative regulation of cellular macromolecule biosynthetic process (GO:2000113),3/547,0.9978005649929552,0.999995718420768,0,0,0.2875934185149469,0.0006332396727861657,DDX6;PHB;PHB2
GO_Biological_Process_2021,gene expression (GO:0010467),1/356,0.9987534990994617,0.999995718420768,0,0,0.1475505205143907,0.00018403658142233288,HBS1L
GO_Biological_Process_2021,regulation of cellular macromolecule biosynthetic process (GO:2000112),2/468,0.9985171530054744,0.999995718420768,0,0,0.2241232122183111,0.0003325870805049373,SRRT;PHB
GO_Biological_Process_2021,transcription by RNA polymerase II (GO:0006366),1/320,0.9975374473577664,0.999995718420768,0,0,0.1645086547635273,0.0004056108467164205,SRRT
GO_Biological_Process_2021,cellular macromolecule biosynthetic process (GO:0034645),1/314,0.997241680692805,0.999995718420768,0,0,0.1677142658702597,0.0004632486856568173,HBS1L
GO_Biological_Process_2021,plasma membrane bounded cell projection assembly (GO:0120031),1/278,0.9945551257405968,0.999995718420768,0,0,0.1898642285355517,0.0010366115284505,ANO6
GO_Biological_Process_2021,nervous system development (GO:0007399),3/447,0.9897688943491444,0.999995718420768,0,0,0.3542128193767538,0.0036426549098875,GSTP1;CAPG;SDHA
GO_Biological_Process_2021,regulation of cell population proliferation (GO:0042127),6/764,0.995666283548611,0.999995718420768,0,0,0.4115440807693146,0.0017873911800919,PAK1;GPNMB;NAMPT;TSC2;STX4;PHB
GO_Biological_Process_2021,regulation of transcription by RNA polymerase II (GO:0006357),4/2206,0.9999948707015804,0.999995718420768,0,0,0.0867405720826645,4.44919420358509e-07,DHX9;RIPK2;NAMPT;PHB
GO_Biological_Process_2021,positive regulation of transcription by RNA polymerase II (GO:0045944),3/908,0.9999906234398528,0.999995718420768,0,0,0.1696042025178878,1.5903114619848825e-06,DHX9;RIPK2;NAMPT
GO_Biological_Process_2021,negative regulation of transcription by RNA polymerase II (GO:0000122),1/684,0.9999940595739326,0.999995718420768,0,0,0.0753867209879686,4.478305726451788e-07,PHB
GO_Biological_Process_2021,"positive regulation of transcription, DNA-templated (GO:0045893)",6/1183,0.999985485038786,0.999995718420768,0,0,0.2591544548754713,3.761644161068728e-06,DHX9;RIPK2;NAMPT;PADI2;ILK;PHB
GO_Biological_Process_2021,organelle assembly (GO:0070925),1/425,0.9996616598384044,0.999995718420768,0,0,0.1230965442986054,4.165555196037009e-05,DDX6
GO_Biological_Process_2021,positive regulation of gene expression (GO:0010628),2/482,0.998832708672758,0.999995718420768,0,0,0.2174273387829246,0.0002539492921218531,PYM1;PHB
GO_Biological_Process_2021,positive regulation of nucleic acid-templated transcription (GO:1903508),2/511,0.9992904363765412,0.999995718420768,0,0,0.2047290461073965,0.00014531984672102536,ILK;PHB
GO_Biological_Process_2021,supramolecular fiber organization (GO:0097435),2/351,0.9894446125780706,0.999995718420768,0,0,0.3010860145374484,0.0031949714333203,CD151;ALDOA
GO_Biological_Process_2021,inflammatory response (GO:0006954),1/230,0.98653839246777,0.999995718420768,0,0,0.2302306816024302,0.0031203248122716,RIPK2
GO_Biological_Process_2021,DNA metabolic process (GO:0006259),1/277,0.9944513665559436,0.999995718420768,0,0,0.1905619880277252,0.0010603029640788,TSN
GO_Biological_Process_2021,inorganic cation transmembrane transport (GO:0098662),1/274,0.9941281016304532,0.999995718420768,0,0,0.1926859372511546,0.0011347671295044,ANO6
GO_Biological_Process_2021,negative regulation of signal transduction (GO:0009968),1/267,0.9932988558616276,0.999995718420768,0,0,0.1978281301078784,0.0013301365270405,TSC2
GO_Biological_Process_2021,protein ubiquitination (GO:0016567),3/525,0.9968968868696036,0.999995718420768,0,0,0.3000596696187425,0.0009325667803014762,HECW2;CUL2;PSME1
GO_Biological_Process_2021,regulation of nucleic acid-templated transcription (GO:1903506),2/430,0.9971727590506894,0.999995718420768,0,0,0.2445058443046678,0.0006922559843671292,SRRT;PHB
GO_Biological_Process_2021,negative regulation of gene expression (GO:0010629),2/322,0.9830550371206224,0.999995718420768,0,0,0.3288658038147139,0.0056203729777529,DDX6;GPNMB
GO_Biological_Process_2021,protein polyubiquitination (GO:0000209),2/314,0.9807136656534192,0.999995718420768,0,0,0.3374379934325438,0.0065715178934395,HECW2;PSME1
GO_Biological_Process_2021,MAPK cascade (GO:0000165),2/303,0.9769772664354632,0.999995718420768,0,0,0.3499687689536241,0.0081514361542343,PAK1;PSME1
GO_Biological_Process_2021,regulation of cell cycle (GO:0051726),1/296,0.9961241690799432,0.999995718420768,0,0,0.1781134856300663,0.0006916790379378422,TSC2
GO_Biological_Process_2021,DNA repair (GO:0006281),1/298,0.9962678765464642,0.999995718420768,0,0,0.1768957692870736,0.0006614318913038601,H2AW
GO_Biological_Process_2021,protein modification by small protein conjugation (GO:0032446),2/409,0.9959731925406904,0.999995718420768,0,0,0.2574028078115271,0.0010386040821374,HECW2;CUL2
GO_Biological_Process_2021,negative regulation of cellular process (GO:0048523),5/566,0.9802166002794614,0.999995718420768,0,0,0.4669350257585551,0.0093301607618083,GPNMB;FHL1;TSC2;PHB;JAM2
GO_Biological_Process_2021,translation (GO:0006412),1/214,0.9818055019736192,0.999995718420768,0,0,0.2477291283935497,0.004548815486302,HBS1L
GO_Biological_Process_2021,ncRNA processing (GO:0034470),1/201,0.976763219240692,0.999995718420768,0,0,0.264008152173913,0.0062070986317817,SRRT
GO_Biological_Process_2021,positive regulation of intracellular signal transduction (GO:1902533),5/546,0.9745749224319568,0.999995718420768,0,0,0.4847047591964413,0.0124830282244979,RIPK2;ILK;PHB;DNM1L;PHB2
GO_Biological_Process_2021,cytokine-mediated signaling pathway (GO:0019221),6/621,0.974263912711561,0.999995718420768,0,0,0.5110797554256534,0.0133254102826026,MTAP;RIPK2;PSME1;ILK;STX4;ICAM1
GO_Biological_Process_2021,regulation of programmed cell death (GO:0043067),1/194,0.9734935219919932,0.999995718420768,0,0,0.2736821356161297,0.0073522265967213,PHB
GO_Biological_Process_2021,regulation of gene expression (GO:0010468),3/1079,0.9999955569512058,0.999995718420768,0,0,0.1413477359985374,6.280162831473597e-07,STX1B;SRRT;PHB
GO_Biological_Process_2021,"negative regulation of transcription, DNA-templated (GO:0045892)",2/948,0.999995718420768,0.999995718420768,0,0,0.107638068793889,4.6086190653455126e-07,PHB;PHB2
